register_id,source_dataset,source_portal,source_url,source_license,processing_timestamp,name,operator_base_name,site_label,operator_slug,operator_site_count_barcelona,operator_scale_barcelona,vehicle_family,vehicle_mode_detail,service_model,micromobility_fit,micromobility_relevance_score,ds4m_use_case_role,publication_recommendation,location_context,urban_centrality_band,distance_to_placa_catalunya_km,city,district_id,district_name,district_service_count,district_micromobility_count,neighborhood_id,neighborhood_name,neighborhood_service_count,neighborhood_micromobility_count,postcode,address_line,full_address,latitude,longitude,utm31n_x,utm31n_y,geo_cell_200m,geo_cell_service_count,geo_cell_micromobility_count,primary_contact_phone,phone_general,phone_information,phone_customer_service,phone_info_reservations,phone_switchboard,fax,has_contact_phone,source_created_at,source_modified_at,source_record_age_days,source_rows_aggregated,source_contact_fields_present
99400291961,Alquiler de vehículos en la ciudad de Barcelona,Open Data BCN,https://opendata-ajuntament.barcelona.cat/data/es/dataset/lloguer-de-vehicles,CC BY 4.0,2026-03-17T10:30:15Z,Barcelona Rent a Bike *Barceloneta Beach shop,Barcelona Rent a Bike,Barceloneta Beach shop,barcelona-rent-a-bike,2,two_site_operator,bicycle,bike,rental_or_hire,high,90,core_micromobility_supply,include_in_micromobility_supply_benchmark,waterfront_or_tourism,central_core,1.775,BARCELONA,1,Ciutat Vella,28,22,3,la Barceloneta,2,2,8003,"Pg Joan Borbó C Barcelona, 35","Pg Joan Borbó C Barcelona, 35, la Barceloneta, Ciutat Vella, BARCELONA",41.378623,2.188208,432118.94,4581107.09,20689_1094,2,2,932212790,,932212790,,,,,True,2012-05-02 09:54:05+00:00,2016-07-13 07:11:40+00:00,3533,1,1
99400090986,Alquiler de vehículos en la ciudad de Barcelona,Open Data BCN,https://opendata-ajuntament.barcelona.cat/data/es/dataset/lloguer-de-vehicles,CC BY 4.0,2026-03-17T10:30:15Z,Bike Rental Barcelona,Bike Rental Barcelona,,bike-rental-barcelona,1,single_site_operator,bicycle,bike,rental_or_hire,high,90,core_micromobility_supply,include_in_micromobility_supply_benchmark,central_tourism_business,central_core,1.161,BARCELONA,1,Ciutat Vella,28,22,1,el Raval,11,7,8001,"C Montserrat, 8","C Montserrat, 8, el Raval, Ciutat Vella, BARCELONA",41.377205,2.174914,431005.8,4580960.16,20688_1087,1,1,666057655,,666057655,,,,,True,2004-06-22 08:21:11+00:00,2014-12-04 17:53:55+00:00,4120,1,1
99400390723,Alquiler de vehículos en la ciudad de Barcelona,Open Data BCN,https://opendata-ajuntament.barcelona.cat/data/es/dataset/lloguer-de-vehicles,CC BY 4.0,2026-03-17T10:30:15Z,Happy rental bikes Barcelona,Happy rental bikes Barcelona,,happy-rental-bikes-barcelona,1,single_site_operator,bicycle,bike,rental_or_hire,high,90,core_micromobility_supply,include_in_micromobility_supply_benchmark,central_tourism_business,central_core,1.198,BARCELONA,1,Ciutat Vella,28,22,4,"Sant Pere, Santa Caterina i la Ribera",8,8,8018,"C Roger de Flor, 7","C Roger de Flor, 7, Sant Pere, Santa Caterina i la Ribera, Ciutat Vella, BARCELONA",41.390249,2.183793,431761.92,4582401.26,20695_1091,2,2,933 285 834,,933 285 834,,,,,True,2015-07-06 07:04:40+00:00,2018-10-22 09:17:31+00:00,2702,1,1
99400612711,Alquiler de vehículos en la ciudad de Barcelona,Open Data BCN,https://opendata-ajuntament.barcelona.cat/data/es/dataset/lloguer-de-vehicles,CC BY 4.0,2026-03-17T10:30:15Z,Bikes Barcelona rental,Bikes Barcelona rental,,bikes-barcelona-rental,1,single_site_operator,bicycle,bike,rental_or_hire,high,90,core_micromobility_supply,include_in_micromobility_supply_benchmark,central_tourism_business,central_core,1.636,BARCELONA,2,Eixample,25,7,5,el Fort Pienc,3,2,8013,"C Marina, 138","C Marina, 138, el Fort Pienc, Eixample, BARCELONA",41.39731,2.184093,431794.34,4583184.93,20698_1092,1,1,674 60 06 74,,,674 60 06 74,,,,True,2018-11-08 13:24:08+00:00,2018-11-08 13:26:13+00:00,2685,1,1
99400592020,Alquiler de vehículos en la ciudad de Barcelona,Open Data BCN,https://opendata-ajuntament.barcelona.cat/data/es/dataset/lloguer-de-vehicles,CC BY 4.0,2026-03-17T10:30:15Z,Delivery Bikes - Bike Rental,Delivery Bikes - Bike Rental,,delivery-bikes-bike-rental,1,single_site_operator,bicycle,bike,fleet_or_business_service,high,90,core_micromobility_supply,include_in_micromobility_supply_benchmark,central_tourism_business,central_core,1.73,BARCELONA,2,Eixample,25,7,5,el Fort Pienc,3,2,8013,"C Marina, 210","C Marina, 210, el Fort Pienc, Eixample, BARCELONA",41.400923,2.179357,431402.24,4583589.72,20700_1089,1,1,627 634 966,627 634 966,,,,,,True,2018-05-14 11:14:00+00:00,2018-05-14 11:16:08+00:00,2863,1,1
99400319433,Alquiler de vehículos en la ciudad de Barcelona,Open Data BCN,https://opendata-ajuntament.barcelona.cat/data/es/dataset/lloguer-de-vehicles,CC BY 4.0,2026-03-17T10:30:15Z,Pedal Bike Rental,Pedal Bike Rental,,pedal-bike-rental,1,single_site_operator,bicycle,bike,rental_or_hire,high,90,core_micromobility_supply,include_in_micromobility_supply_benchmark,urban_neighborhood,inner_city,3.005,BARCELONA,10,Sant Martí,25,6,68,el Poblenou,4,2,8005,"Camí Antic de València, 2","Camí Antic de València, 2, el Poblenou, Sant Martí, BARCELONA",41.402851,2.199271,433068.91,4583788.22,20701_1099,1,1,933 004 506,,933 004 506,,,,,True,2013-06-04 12:35:17+00:00,2017-12-11 10:14:39+00:00,3017,1,1
99400379593,Alquiler de vehículos en la ciudad de Barcelona,Open Data BCN,https://opendata-ajuntament.barcelona.cat/data/es/dataset/lloguer-de-vehicles,CC BY 4.0,2026-03-17T10:30:15Z,Ajo Bike,Ajo Bike,,ajo-bike,1,single_site_operator,bicycle,bike,rental_or_hire,high,80,core_micromobility_supply,include_in_micromobility_supply_benchmark,central_tourism_business,central_core,0.735,BARCELONA,1,Ciutat Vella,28,22,1,el Raval,11,7,8001,"C Roig, 5","C Roig, 5, el Raval, Ciutat Vella, BARCELONA",41.380453,2.168866,430503.52,4581325.63,20690_1084,1,1,930082298,930082298,,,,,,True,2015-03-09 15:58:02+00:00,2015-03-23 12:21:12+00:00,4011,1,1
99400613982,Alquiler de vehículos en la ciudad de Barcelona,Open Data BCN,https://opendata-ajuntament.barcelona.cat/data/es/dataset/lloguer-de-vehicles,CC BY 4.0,2026-03-17T10:30:15Z,Barcelona Cycle Co,Barcelona Cycle Co,,barcelona-cycle-co,1,single_site_operator,bicycle,bike,rental_or_hire,high,80,core_micromobility_supply,include_in_micromobility_supply_benchmark,central_tourism_business,central_core,0.863,BARCELONA,1,Ciutat Vella,28,22,4,"Sant Pere, Santa Caterina i la Ribera",8,8,8003,"C Vigatans, 2","C Vigatans, 2, Sant Pere, Santa Caterina i la Ribera, Ciutat Vella, BARCELONA",41.384059,2.179675,431411.11,4581717.25,20692_1089,2,2,933 153 259,,,933 153 259,,,,True,2018-11-27 10:29:46+00:00,2021-03-17 10:55:20.302947+00:00,1825,1,1
99400183230,Alquiler de vehículos en la ciudad de Barcelona,Open Data BCN,https://opendata-ajuntament.barcelona.cat/data/es/dataset/lloguer-de-vehicles,CC BY 4.0,2026-03-17T10:30:15Z,Barcelonabiking,Barcelonabiking,,barcelonabiking,1,single_site_operator,bicycle,bike,rental_or_hire,high,80,core_micromobility_supply,include_in_micromobility_supply_benchmark,central_tourism_business,central_core,0.827,BARCELONA,1,Ciutat Vella,28,22,2,el Barri Gòtic,7,5,8002,"Bda Sant Miquel, 6","Bda Sant Miquel, 6, el Barri Gòtic, Ciutat Vella, BARCELONA",41.381515,2.1768,431168.03,4581437.15,20690_1088,2,1,656356300,656356300,,,,,,True,2007-05-15 07:53:14+00:00,2007-05-15 07:59:49+00:00,6880,1,1
99400185222,Alquiler de vehículos en la ciudad de Barcelona,Open Data BCN,https://opendata-ajuntament.barcelona.cat/data/es/dataset/lloguer-de-vehicles,CC BY 4.0,2026-03-17T10:30:15Z,Barceloneta Bikes,Barceloneta Bikes,,barceloneta-bikes,1,single_site_operator,bicycle,bike,rental_or_hire,high,80,core_micromobility_supply,include_in_micromobility_supply_benchmark,waterfront_or_tourism,central_core,1.829,BARCELONA,1,Ciutat Vella,28,22,3,la Barceloneta,2,2,8003,"C Atlàntida, 49","C Atlàntida, 49, la Barceloneta, Ciutat Vella, BARCELONA",41.379875,2.189858,432258.17,4581244.8,20689_1094,2,2,600673796,600673796,,,,,,True,2007-06-13 11:54:12+00:00,2018-10-22 08:47:32+00:00,2702,1,1
75990293875,Alquiler de vehículos en la ciudad de Barcelona,Open Data BCN,https://opendata-ajuntament.barcelona.cat/data/es/dataset/lloguer-de-vehicles,CC BY 4.0,2026-03-17T10:30:15Z,Bicitram,Bicitram,,bicitram,1,single_site_operator,bicycle,bike,rental_or_hire,high,80,core_micromobility_supply,include_in_micromobility_supply_benchmark,central_tourism_business,central_core,1.29,Barcelona,1,Ciutat Vella,28,22,4,"Sant Pere, Santa Caterina i la Ribera",8,8,8003,"Passeig de Picasso, 46-46","Passeig de Picasso, 46-46, Sant Pere, Santa Caterina i la Ribera, Ciutat Vella, Barcelona",41.385632,2.185455,431896.06,4581887.4,20692_1092,1,1,607226069,607226069,,,,,,True,1996-09-17 22:00:00+00:00,2023-10-03 08:03:03.933443+00:00,895,1,1
99400227309,Alquiler de vehículos en la ciudad de Barcelona,Open Data BCN,https://opendata-ajuntament.barcelona.cat/data/es/dataset/lloguer-de-vehicles,CC BY 4.0,2026-03-17T10:30:15Z,Born Bike Rental & Tours,Born Bike Rental & Tours,,born-bike-rental-tours,1,single_site_operator,bicycle,bike,tourism_or_guided_experience,medium,80,urban_mobility_tourism_context,include_if_tourism_mobility_scope_needed,central_tourism_business,central_core,1.318,BARCELONA,1,Ciutat Vella,28,22,4,"Sant Pere, Santa Caterina i la Ribera",8,8,8003,"C Marquesa, 1","C Marquesa, 1, Sant Pere, Santa Caterina i la Ribera, Ciutat Vella, BARCELONA",41.382855,2.184897,431846.48,4581579.46,20691_1092,1,1,933 190 020,,933 190 020,,,,,True,2009-06-10 08:45:14+00:00,2023-01-20 13:15:58.011239+00:00,1151,1,1
99400378390,Alquiler de vehículos en la ciudad de Barcelona,Open Data BCN,https://opendata-ajuntament.barcelona.cat/data/es/dataset/lloguer-de-vehicles,CC BY 4.0,2026-03-17T10:30:15Z,Budget Bikes Barcelona *Nou Rambla,Budget Bikes Barcelona,Nou Rambla,budget-bikes-barcelona,4,multi_site_operator,bicycle,bike,rental_or_hire,high,80,core_micromobility_supply,include_in_micromobility_supply_benchmark,central_tourism_business,central_core,1.28,BARCELONA,1,Ciutat Vella,28,22,1,el Raval,11,7,8001,"C Nou de la Rambla, 106","C Nou de la Rambla, 106, el Raval, Ciutat Vella, BARCELONA",41.375489,2.170421,430628.31,4580773.23,20687_1085,1,1,933 041 885,,,,933 041 885,,,True,2015-02-24 11:14:13+00:00,2015-02-24 11:28:18+00:00,4038,1,1
99400378398,Alquiler de vehículos en la ciudad de Barcelona,Open Data BCN,https://opendata-ajuntament.barcelona.cat/data/es/dataset/lloguer-de-vehicles,CC BY 4.0,2026-03-17T10:30:15Z,Budget Bikes Barcelona *Plaça de la llana,Budget Bikes Barcelona,Plaça de la llana,budget-bikes-barcelona,4,multi_site_operator,bicycle,bike,rental_or_hire,high,80,core_micromobility_supply,include_in_micromobility_supply_benchmark,central_tourism_business,central_core,0.789,BARCELONA,1,Ciutat Vella,28,22,4,"Sant Pere, Santa Caterina i la Ribera",8,8,8003,"Pl Llana, 3","Pl Llana, 3, Sant Pere, Santa Caterina i la Ribera, Ciutat Vella, BARCELONA",41.384966,2.179163,431369.24,4581818.35,20692_1089,2,2,,,,,,,,False,2015-02-24 11:25:13+00:00,2015-02-24 11:26:54+00:00,4038,1,0
99400378393,Alquiler de vehículos en la ciudad de Barcelona,Open Data BCN,https://opendata-ajuntament.barcelona.cat/data/es/dataset/lloguer-de-vehicles,CC BY 4.0,2026-03-17T10:30:15Z,Budget Bikes Barcelona *Estruc,Budget Bikes Barcelona,Estruc,budget-bikes-barcelona,4,multi_site_operator,bicycle,bike,rental_or_hire,high,80,core_micromobility_supply,include_in_micromobility_supply_benchmark,central_tourism_business,central_core,0.18,BARCELONA,1,Ciutat Vella,28,22,2,el Barri Gòtic,7,5,8002,"C Estruc, 38","C Estruc, 38, el Barri Gòtic, Ciutat Vella, BARCELONA",41.387365,2.172199,430789.59,4582090.22,20693_1086,1,1,933 041 885,,,,933 041 885,,,True,2015-02-24 11:21:38+00:00,2015-02-24 11:26:45+00:00,4038,1,1
99400378395,Alquiler de vehículos en la ciudad de Barcelona,Open Data BCN,https://opendata-ajuntament.barcelona.cat/data/es/dataset/lloguer-de-vehicles,CC BY 4.0,2026-03-17T10:30:15Z,Budget Bikes Barcelona *Unió,Budget Bikes Barcelona,Unió,budget-bikes-barcelona,4,multi_site_operator,bicycle,bike,rental_or_hire,high,80,core_micromobility_supply,include_in_micromobility_supply_benchmark,central_tourism_business,central_core,0.873,BARCELONA,1,Ciutat Vella,28,22,1,el Raval,11,7,8001,"C Unió, 22","C Unió, 22, el Raval, Ciutat Vella, BARCELONA",41.379512,2.173264,430870.31,4581217.57,20689_1086,1,1,933 041 885,,,,933 041 885,,,True,2015-02-24 11:23:15+00:00,2015-02-24 11:27:03+00:00,4038,1,1
99400454871,Alquiler de vehículos en la ciudad de Barcelona,Open Data BCN,https://opendata-ajuntament.barcelona.cat/data/es/dataset/lloguer-de-vehicles,CC BY 4.0,2026-03-17T10:30:15Z,By-Cycle,By-Cycle,,by-cycle,1,single_site_operator,bicycle,bike,rental_or_hire,high,80,core_micromobility_supply,include_in_micromobility_supply_benchmark,central_tourism_business,central_core,0.432,BARCELONA,1,Ciutat Vella,28,22,1,el Raval,11,7,8001,"C Notariat, 6","C Notariat, 6, el Raval, Ciutat Vella, BARCELONA",41.383201,2.169043,430521.25,4581630.47,20691_1084,1,1,931247212,931247212,,,,,,True,2016-07-07 12:35:32+00:00,2018-04-09 13:57:19+00:00,2898,1,1
99400611451,Alquiler de vehículos en la ciudad de Barcelona,Open Data BCN,https://opendata-ajuntament.barcelona.cat/data/es/dataset/lloguer-de-vehicles,CC BY 4.0,2026-03-17T10:30:15Z,Green Bikes *Ataülf,Green Bikes,Ataülf,green-bikes,2,two_site_operator,bicycle,bike,rental_or_hire,high,80,core_micromobility_supply,include_in_micromobility_supply_benchmark,central_tourism_business,central_core,0.955,BARCELONA,1,Ciutat Vella,28,22,2,el Barri Gòtic,7,5,8002,"C Ataülf, 8","C Ataülf, 8, el Barri Gòtic, Ciutat Vella, BARCELONA",41.381281,2.178642,431321.87,4581409.75,20690_1089,2,2,933 151 375,,,933 151 375,,,,True,2018-10-22 12:06:04+00:00,2018-10-22 12:06:29+00:00,2702,1,1
99400611448,Alquiler de vehículos en la ciudad de Barcelona,Open Data BCN,https://opendata-ajuntament.barcelona.cat/data/es/dataset/lloguer-de-vehicles,CC BY 4.0,2026-03-17T10:30:15Z,Green bikes *Escudellers,Green bikes,Escudellers,green-bikes,2,two_site_operator,bicycle,bike,rental_or_hire,high,80,core_micromobility_supply,include_in_micromobility_supply_benchmark,central_tourism_business,central_core,0.962,BARCELONA,1,Ciutat Vella,28,22,2,el Barri Gòtic,7,5,8002,"C Escudellers, 48","C Escudellers, 48, el Barri Gòtic, Ciutat Vella, BARCELONA",41.380407,2.17756,431230.41,4581313.55,20690_1088,2,1,933 013 612,,,933 013 612,,,,True,2018-10-22 11:57:21+00:00,2018-10-22 11:57:37+00:00,2702,1,1
99400291957,Alquiler de vehículos en la ciudad de Barcelona,Open Data BCN,https://opendata-ajuntament.barcelona.cat/data/es/dataset/lloguer-de-vehicles,CC BY 4.0,2026-03-17T10:30:15Z,Gòtic Bike Suite,Gòtic Bike Suite,,gotic-bike-suite,1,single_site_operator,bicycle,bike,tourism_or_guided_experience,high,80,core_micromobility_supply,include_in_micromobility_supply_benchmark,central_tourism_business,central_core,1.039,BARCELONA,1,Ciutat Vella,28,22,2,el Barri Gòtic,7,5,8002,"C Regomir, 33","C Regomir, 33, el Barri Gòtic, Ciutat Vella, BARCELONA",41.381203,2.179866,431424.07,4581400.12,20690_1089,2,2,,,,,,,,False,2012-05-02 09:44:15+00:00,2012-05-02 09:46:03+00:00,5066,1,0
99400378383,Alquiler de vehículos en la ciudad de Barcelona,Open Data BCN,https://opendata-ajuntament.barcelona.cat/data/es/dataset/lloguer-de-vehicles,CC BY 4.0,2026-03-17T10:30:15Z,Touba Bike,Touba Bike,,touba-bike,1,single_site_operator,bicycle,bike,rental_or_hire,high,80,core_micromobility_supply,include_in_micromobility_supply_benchmark,central_tourism_business,central_core,0.75,BARCELONA,1,Ciutat Vella,28,22,1,el Raval,11,7,8001,"C Junta de Comerç, 4","C Junta de Comerç, 4, el Raval, Ciutat Vella, BARCELONA",41.380291,2.171011,430682.72,4581305.85,20690_1085,1,1,933 486 561,,933 486 561,,,,,True,2015-02-24 10:48:50+00:00,2015-02-24 10:49:07+00:00,4038,1,1
99400079375,Alquiler de vehículos en la ciudad de Barcelona,Open Data BCN,https://opendata-ajuntament.barcelona.cat/data/es/dataset/lloguer-de-vehicles,CC BY 4.0,2026-03-17T10:30:15Z,Un Cotxe Menys Bicicletes / Barcelona ebike Tours,Un Cotxe Menys Bicicletes / Barcelona ebike Tours,,un-cotxe-menys-bicicletes-barcelona-ebike-tours,1,single_site_operator,bicycle,e_bike,tourism_or_guided_experience,high,80,core_micromobility_supply,include_in_micromobility_supply_benchmark,central_tourism_business,central_core,1.118,BARCELONA,1,Ciutat Vella,28,22,4,"Sant Pere, Santa Caterina i la Ribera",8,8,8003,"C Esparteria, 3","C Esparteria, 3, Sant Pere, Santa Caterina i la Ribera, Ciutat Vella, BARCELONA",41.383936,2.182865,431677.72,4581701.12,20691_1091,1,1,93 268 21 05,93 268 21 05,,,,,,True,2004-04-13 14:20:28+00:00,2024-10-29 08:47:39.849319+00:00,503,1,1
99400398969,Alquiler de vehículos en la ciudad de Barcelona,Open Data BCN,https://opendata-ajuntament.barcelona.cat/data/es/dataset/lloguer-de-vehicles,CC BY 4.0,2026-03-17T10:30:15Z,PlanBikeBcn,PlanBikeBcn,,planbikebcn,1,single_site_operator,bicycle,bike,rental_or_hire,high,80,core_micromobility_supply,include_in_micromobility_supply_benchmark,urban_neighborhood,inner_city,2.021,BARCELONA,2,Eixample,25,7,10,Sant Antoni,5,3,8015,"C Llança, 13","C Llança, 13, Sant Antoni, Eixample, BARCELONA",41.375873,2.150948,429000.29,4580831.61,20687_1075,1,1,93315633,93315633,,,,,,True,2015-10-13 07:51:03+00:00,2015-10-13 07:51:23+00:00,3807,1,1
99400473657,Alquiler de vehículos en la ciudad de Barcelona,Open Data BCN,https://opendata-ajuntament.barcelona.cat/data/es/dataset/lloguer-de-vehicles,CC BY 4.0,2026-03-17T10:30:15Z,Ride On Scooter Rental,Ride On Scooter Rental,,ride-on-scooter-rental,1,single_site_operator,scooter_motorcycle,scooter,rental_or_hire,high,80,core_micromobility_supply,include_in_micromobility_supply_benchmark,central_tourism_business,central_core,1.795,BARCELONA,2,Eixample,25,7,10,Sant Antoni,5,3,8015,"C Sepúlveda, 36","C Sepúlveda, 36, Sant Antoni, Eixample, BARCELONA",41.376504,2.153761,429236.17,4580899.39,20688_1076,1,1,971576958,971576958,,,,,,True,2017-01-02 10:28:10+00:00,2019-03-18 17:35:18+00:00,2555,1,1
99400378405,Alquiler de vehículos en la ciudad de Barcelona,Open Data BCN,https://opendata-ajuntament.barcelona.cat/data/es/dataset/lloguer-de-vehicles,CC BY 4.0,2026-03-17T10:30:15Z,The bike club BCN,The bike club BCN,,the-bike-club-bcn,1,single_site_operator,bicycle,bike,rental_or_hire,high,80,core_micromobility_supply,include_in_micromobility_supply_benchmark,central_tourism_business,central_core,1.894,BARCELONA,2,Eixample,25,7,10,Sant Antoni,5,3,8015,"C Sepúlveda, 6","C Sepúlveda, 6, Sant Antoni, Eixample, BARCELONA",41.375874,2.152908,429164.22,4580830.16,20687_1076,1,1,931 791 371,,,,931 791 371,,,True,2015-02-24 11:45:43+00:00,2017-12-11 11:55:55+00:00,3017,1,1
99400534627,Alquiler de vehículos en la ciudad de Barcelona,Open Data BCN,https://opendata-ajuntament.barcelona.cat/data/es/dataset/lloguer-de-vehicles,CC BY 4.0,2026-03-17T10:30:15Z,Bcn Classic Ride,Bcn Classic Ride,,bcn-classic-ride,1,single_site_operator,bicycle,bike,tourism_or_guided_experience,high,80,core_micromobility_supply,include_in_micromobility_supply_benchmark,urban_neighborhood,inner_city,2.99,BARCELONA,10,Sant Martí,25,6,68,el Poblenou,4,2,8005,"C Doctor Trueta, 202","C Doctor Trueta, 202, el Poblenou, Sant Martí, BARCELONA",41.397932,2.202847,433362.76,4583239.35,20698_1101,1,0,938539657,938539657,,,,,,True,2017-09-26 11:36:53+00:00,2017-09-26 11:37:11+00:00,3093,1,1
75990288037,Alquiler de vehículos en la ciudad de Barcelona,Open Data BCN,https://opendata-ajuntament.barcelona.cat/data/es/dataset/lloguer-de-vehicles,CC BY 4.0,2026-03-17T10:30:15Z,Biciclot,Biciclot,,biciclot,1,single_site_operator,bicycle,bike,rental_or_hire,high,80,core_micromobility_supply,include_in_micromobility_supply_benchmark,urban_neighborhood,inner_city,2.089,Barcelona,10,Sant Martí,25,6,66,el Parc i la Llacuna del Poblenou,5,3,8005,"Carrer de Pere IV, 58","Carrer de Pere IV, 58, el Parc i la Llacuna del Poblenou, Sant Martí, Barcelona",41.395857,2.192186,432469.43,4583017.32,20697_1096,2,2,933077475,933077475,,,,,,True,1996-09-17 22:00:00+00:00,2026-02-13 08:27:10.119413+00:00,31,1,1
99400699189,Alquiler de vehículos en la ciudad de Barcelona,Open Data BCN,https://opendata-ajuntament.barcelona.cat/data/es/dataset/lloguer-de-vehicles,CC BY 4.0,2026-03-17T10:30:15Z,Bike To Deliver,Bike To Deliver,,bike-to-deliver,1,single_site_operator,bicycle,bike,fleet_or_business_service,high,80,core_micromobility_supply,include_in_micromobility_supply_benchmark,urban_neighborhood,inner_city,3.14,Barcelona,10,Sant Martí,25,6,68,el Poblenou,4,2,8005,"Carrer de Marià Aguiló, 66-66","Carrer de Marià Aguiló, 66-66, el Poblenou, Sant Martí, Barcelona",41.40196,2.202028,433298.46,4583687.2,20700_1101,1,1,652 49 15 33,652 49 15 33,,,,,,True,2022-10-06 09:47:12.021649+00:00,2022-10-06 09:51:23.294385+00:00,1257,1,1
99400427929,Alquiler de vehículos en la ciudad de Barcelona,Open Data BCN,https://opendata-ajuntament.barcelona.cat/data/es/dataset/lloguer-de-vehicles,CC BY 4.0,2026-03-17T10:30:15Z,Funky cycle,Funky cycle,,funky-cycle,1,single_site_operator,bicycle,bike,rental_or_hire,high,80,core_micromobility_supply,include_in_micromobility_supply_benchmark,central_tourism_business,central_core,1.621,BARCELONA,10,Sant Martí,25,6,66,el Parc i la Llacuna del Poblenou,5,3,8005,"C Llull, 11","C Llull, 11, el Parc i la Llacuna del Poblenou, Sant Martí, BARCELONA",41.391275,2.188675,432171.17,4582511.32,20695_1094,1,1,932 505 665,,932 505 665,,,,,True,2016-03-09 09:43:12+00:00,2016-03-09 09:43:28+00:00,3659,1,1
99400611433,Alquiler de vehículos en la ciudad de Barcelona,Open Data BCN,https://opendata-ajuntament.barcelona.cat/data/es/dataset/lloguer-de-vehicles,CC BY 4.0,2026-03-17T10:30:15Z,Bicicletas Clase,Bicicletas Clase,,bicicletas-clase,1,single_site_operator,bicycle,bike,rental_or_hire,high,80,core_micromobility_supply,include_in_micromobility_supply_benchmark,major_transport_hub_or_corridor,central_core,1.653,BARCELONA,3,Sants-Montjuïc,22,3,11,el Poble-sec,6,2,8004,"C Jaume Fabra, 11","C Jaume Fabra, 11, el Poble-sec, Sants-Montjuïc, BARCELONA",41.374306,2.159788,429737.8,4580650.52,20687_1079,2,1,931 849 880,,,931 849 880,,,,True,2018-10-22 11:10:28+00:00,2018-10-22 11:13:55+00:00,2702,1,1
99400303592,Alquiler de vehículos en la ciudad de Barcelona,Open Data BCN,https://opendata-ajuntament.barcelona.cat/data/es/dataset/lloguer-de-vehicles,CC BY 4.0,2026-03-17T10:30:15Z,Bicimetrobike,Bicimetrobike,,bicimetrobike,1,single_site_operator,bicycle,bike,rental_or_hire,high,80,core_micromobility_supply,include_in_micromobility_supply_benchmark,major_transport_hub_or_corridor,inner_city,2.723,BARCELONA,3,Sants-Montjuïc,22,3,18,Sants,7,1,8014,"C Puiggarí, 21","C Puiggarí, 21, Sants, Sants-Montjuïc, BARCELONA",41.380323,2.138695,427980.56,4581335.83,20690_1069,1,1,934119100,934119100,,,,,,True,2012-10-23 09:41:31+00:00,2015-02-24 10:59:07+00:00,4038,1,1
99400222355,Alquiler de vehículos en la ciudad de Barcelona,Open Data BCN,https://opendata-ajuntament.barcelona.cat/data/es/dataset/lloguer-de-vehicles,CC BY 4.0,2026-03-17T10:30:15Z,Associació Bicitours Barcelona,Associació Bicitours Barcelona,,associacio-bicitours-barcelona,2,two_site_operator,bicycle,bike,tourism_or_guided_experience,medium,70,urban_mobility_tourism_context,include_if_tourism_mobility_scope_needed,central_tourism_business,central_core,0.303,Barcelona,1,Ciutat Vella,28,22,1,el Raval,11,7,8001,"Carrer dels Tallers, 45-45","Carrer dels Tallers, 45-45, el Raval, Ciutat Vella, Barcelona",41.384796,2.167973,430433.51,4581808.49,20692_1083,3,1,635717893,,635717893,,,,,True,2009-03-02 16:50:26+00:00,2024-09-17 10:52:43.621193+00:00,545,1,1
99400455194,Alquiler de vehículos en la ciudad de Barcelona,Open Data BCN,https://opendata-ajuntament.barcelona.cat/data/es/dataset/lloguer-de-vehicles,CC BY 4.0,2026-03-17T10:30:15Z,Barcelona Ciclo Tour,Barcelona Ciclo Tour,,barcelona-ciclo-tour,1,single_site_operator,bicycle,bike,tourism_or_guided_experience,medium,70,urban_mobility_tourism_context,include_if_tourism_mobility_scope_needed,central_tourism_business,central_core,0.299,BARCELONA,1,Ciutat Vella,28,22,1,el Raval,11,7,8001,"C Tallers, 45","C Tallers, 45, el Raval, Ciutat Vella, BARCELONA",41.384823,2.167991,430435.06,4581811.39,20692_1083,3,1,933171970,933171970,,,,,,True,2016-07-13 07:17:16+00:00,2016-07-13 07:17:39+00:00,3533,1,1
99400094264,Alquiler de vehículos en la ciudad de Barcelona,Open Data BCN,https://opendata-ajuntament.barcelona.cat/data/es/dataset/lloguer-de-vehicles,CC BY 4.0,2026-03-17T10:30:15Z,Barcelona Rent a Bike *Tallers,Barcelona Rent a Bike,Tallers,barcelona-rent-a-bike,2,two_site_operator,bicycle,bike,retail_or_repair,low,70,low_relevance_context,exclude_from_core_published_product,central_tourism_business,central_core,0.299,BARCELONA,1,Ciutat Vella,28,22,1,el Raval,11,7,8001,"C Tallers, 45","C Tallers, 45, el Raval, Ciutat Vella, BARCELONA",41.384823,2.167991,430435.05,4581811.39,20692_1083,3,1,933171970,933171970,,,,,,True,2004-08-18 11:07:49+00:00,2016-07-13 07:09:43+00:00,3533,1,1
99400378424,Alquiler de vehículos en la ciudad de Barcelona,Open Data BCN,https://opendata-ajuntament.barcelona.cat/data/es/dataset/lloguer-de-vehicles,CC BY 4.0,2026-03-17T10:30:15Z,Fat Tire Bike Tours,Fat Tire Bike Tours,,fat-tire-bike-tours,1,single_site_operator,bicycle,bike,tourism_or_guided_experience,medium,70,urban_mobility_tourism_context,include_if_tourism_mobility_scope_needed,central_tourism_business,central_core,0.656,BARCELONA,1,Ciutat Vella,28,22,2,el Barri Gòtic,7,5,8002,"C Sant Honorat, 7","C Sant Honorat, 7, el Barri Gòtic, Ciutat Vella, BARCELONA",41.383081,2.175975,431100.75,4581611.64,20691_1087,1,1,933 429 275,,,,933 429 275,,,True,2015-02-24 13:20:37+00:00,2015-02-24 13:20:48+00:00,4038,1,1
99400180597,Alquiler de vehículos en la ciudad de Barcelona,Open Data BCN,https://opendata-ajuntament.barcelona.cat/data/es/dataset/lloguer-de-vehicles,CC BY 4.0,2026-03-17T10:30:15Z,Cooltra Motos SL,Cooltra Motos SL,,cooltra-motos-sl,1,single_site_operator,scooter_motorcycle,motorcycle,rental_or_hire,high,70,core_micromobility_supply,include_in_micromobility_supply_benchmark,central_tourism_business,central_core,1.273,Barcelona,2,Eixample,25,7,9,la Nova Esquerra de l'Eixample,7,1,,"Carrer del Consell de Cent, 181-183","Carrer del Consell de Cent, 181-183, la Nova Esquerra de l'Eixample, Eixample, Barcelona",41.383579,2.155533,429392.01,4581683.43,20691_1077,1,1,937 066 912,937 066 912,,,,,,True,2007-04-11 12:04:16+00:00,2025-07-21 09:40:32.901790+00:00,238,1,1
99400329281,Alquiler de vehículos en la ciudad de Barcelona,Open Data BCN,https://opendata-ajuntament.barcelona.cat/data/es/dataset/lloguer-de-vehicles,CC BY 4.0,2026-03-17T10:30:15Z,Terra Bike Tours,Terra Bike Tours,,terra-bike-tours,1,single_site_operator,bicycle,bike,tourism_or_guided_experience,medium,70,urban_mobility_tourism_context,include_if_tourism_mobility_scope_needed,central_tourism_business,central_core,1.16,BARCELONA,2,Eixample,25,7,7,la Dreta de l'Eixample,5,1,8009,"C València, 337","C València, 337, la Dreta de l'Eixample, Eixample, BARCELONA",41.39742,2.169384,430564.9,4583208.85,20698_1084,1,1,934160805,934160805,,,,,,True,2013-11-05 11:17:53+00:00,2018-05-18 11:07:28+00:00,2859,1,1
99400623660,Alquiler de vehículos en la ciudad de Barcelona,Open Data BCN,https://opendata-ajuntament.barcelona.cat/data/es/dataset/lloguer-de-vehicles,CC BY 4.0,2026-03-17T10:30:15Z,Associació Bicitours Barcelona,Associació Bicitours Barcelona,,associacio-bicitours-barcelona,2,two_site_operator,bicycle,bike,tourism_or_guided_experience,medium,70,urban_mobility_tourism_context,include_if_tourism_mobility_scope_needed,urban_neighborhood,inner_city,2.087,Barcelona,10,Sant Martí,25,6,66,el Parc i la Llacuna del Poblenou,5,3,8005,"Carrer de Pere IV, 58-60","Carrer de Pere IV, 58-60, el Parc i la Llacuna del Poblenou, Sant Martí, Barcelona",41.395837,2.192177,432468.68,4583015.1,20697_1096,2,2,635717893,,635717893,,,,,True,2019-03-21 23:00:00+00:00,2024-09-17 10:50:07.532623+00:00,545,1,1
99400317145,Alquiler de vehículos en la ciudad de Barcelona,Open Data BCN,https://opendata-ajuntament.barcelona.cat/data/es/dataset/lloguer-de-vehicles,CC BY 4.0,2026-03-17T10:30:15Z,Steel Donkey Bike Tours,Steel Donkey Bike Tours,,steel-donkey-bike-tours,1,single_site_operator,bicycle,bike,tourism_or_guided_experience,medium,70,urban_mobility_tourism_context,include_if_tourism_mobility_scope_needed,urban_neighborhood,inner_city,2.434,Barcelona,10,Sant Martí,25,6,67,la Vila Olímpica del Poblenou,6,1,8005,"Moll de Marina, 1-1","Moll de Marina, 1-1, la Vila Olímpica del Poblenou, Sant Martí, Barcelona",41.385857,2.199234,433048.35,4581901.66,20692_1099,2,1,930 426 404,,930 426 404,,,,,True,2013-05-03 10:15:30+00:00,2024-01-05 11:11:50.962597+00:00,801,1,1
75990085571,Alquiler de vehículos en la ciudad de Barcelona,Open Data BCN,https://opendata-ajuntament.barcelona.cat/data/es/dataset/lloguer-de-vehicles,CC BY 4.0,2026-03-17T10:30:15Z,Orbea Campus Barcelona,Orbea Campus Barcelona,,orbea-campus-barcelona,1,single_site_operator,bicycle,bike,retail_or_repair,low,60,low_relevance_context,exclude_from_core_published_product,central_tourism_business,central_core,0.624,BARCELONA,2,Eixample,25,7,7,la Dreta de l'Eixample,5,1,8007,"C Consell de Cent, 321","C Consell de Cent, 321, la Dreta de l'Eixample, Eixample, BARCELONA",41.389539,2.163427,430058.48,4582338.7,20694_1081,1,0,,,,,,,943562588,False,1996-09-17 22:00:00+00:00,2023-10-03 08:18:04.651474+00:00,895,1,1
99400701480,Alquiler de vehículos en la ciudad de Barcelona,Open Data BCN,https://opendata-ajuntament.barcelona.cat/data/es/dataset/lloguer-de-vehicles,CC BY 4.0,2026-03-17T10:30:15Z,Taller Airbici,Taller Airbici,,taller-airbici,1,single_site_operator,bicycle,bike,retail_or_repair,low,60,low_relevance_context,exclude_from_core_published_product,central_tourism_business,central_core,1.581,Barcelona,2,Eixample,25,7,10,Sant Antoni,5,3,8015,"Gran Via de les Corts Catalanes, 452-452","Gran Via de les Corts Catalanes, 452-452, Sant Antoni, Eixample, Barcelona",41.378819,2.154602,429309.08,4581155.69,20689_1077,1,0,93 517 12 46,93 517 12 46,,,,,,True,2022-11-24 08:19:31.049266+00:00,2022-12-15 07:08:23.455370+00:00,1187,1,1
99400607761,Alquiler de vehículos en la ciudad de Barcelona,Open Data BCN,https://opendata-ajuntament.barcelona.cat/data/es/dataset/lloguer-de-vehicles,CC BY 4.0,2026-03-17T10:30:15Z,Taller el bon pedal,Taller el bon pedal,,taller-el-bon-pedal,1,single_site_operator,bicycle,bike,retail_or_repair,low,60,low_relevance_context,exclude_from_core_published_product,central_tourism_business,central_core,1.303,BARCELONA,2,Eixample,25,7,8,l'Antiga Esquerra de l'Eixample,3,0,8011,"Av Roma, 115","Av Roma, 115, l'Antiga Esquerra de l'Eixample, Eixample, BARCELONA",41.385695,2.154575,429314.23,4581919.08,20692_1077,1,0,935 467 444,,,935 467 444,,,,True,2018-09-03 07:14:21+00:00,2018-11-12 09:32:42+00:00,2681,1,1
99400695318,Alquiler de vehículos en la ciudad de Barcelona,Open Data BCN,https://opendata-ajuntament.barcelona.cat/data/es/dataset/lloguer-de-vehicles,CC BY 4.0,2026-03-17T10:30:15Z,Botiga de Bicicletes Kleta *Gràcia,Botiga de Bicicletes Kleta,Gràcia,botiga-de-bicicletes-kleta,2,two_site_operator,bicycle,bike,retail_or_repair,low,60,low_relevance_context,exclude_from_core_published_product,urban_neighborhood,inner_city,2.308,Barcelona,6,Gràcia,2,0,31,la Vila de Gràcia,1,0,8024,"Carrer de la Santa Creu, 3-3","Carrer de la Santa Creu, 3-3, la Vila de Gràcia, Gràcia, Barcelona",41.405153,2.156682,429511.41,4584077.55,20702_1078,1,0,933 40 55 12,933 40 55 12,,,,,,True,2022-07-18 08:55:05.000679+00:00,2023-10-03 08:36:40.833856+00:00,895,1,1
75990476825,Alquiler de vehículos en la ciudad de Barcelona,Open Data BCN,https://opendata-ajuntament.barcelona.cat/data/es/dataset/lloguer-de-vehicles,CC BY 4.0,2026-03-17T10:30:15Z,Ciclosport Mota,Ciclosport Mota,,ciclosport-mota,1,single_site_operator,bicycle,bike,retail_or_repair,low,60,low_relevance_context,exclude_from_core_published_product,waterfront_or_tourism,outer_city,5.857,BARCELONA,8,Nou Barris,4,0,52,la Prosperitat,2,0,8016,"Pg Valldaura, 243","Pg Valldaura, 243, la Prosperitat, Nou Barris, BARCELONA",41.439191,2.179615,431464.1,4587838.0,20719_1089,1,0,932760104,932760104,,,,,,True,1997-11-07 23:00:00+00:00,2023-02-28 12:28:00.440893+00:00,1112,1,1
99400695329,Alquiler de vehículos en la ciudad de Barcelona,Open Data BCN,https://opendata-ajuntament.barcelona.cat/data/es/dataset/lloguer-de-vehicles,CC BY 4.0,2026-03-17T10:30:15Z,Botiga de Bicicletes Kleta *Clot,Botiga de Bicicletes Kleta,Clot,botiga-de-bicicletes-kleta,2,two_site_operator,bicycle,bike,retail_or_repair,low,60,low_relevance_context,exclude_from_core_published_product,urban_neighborhood,inner_city,2.865,Barcelona,10,Sant Martí,25,6,65,el Clot,3,0,8018,"Carrer de Rossend Nobas, 14-14","Carrer de Rossend Nobas, 14-14, el Clot, Sant Martí, Barcelona",41.408367,2.1893,432241.2,4584408.41,20704_1094,1,0,698 933 124,,698 933 124,,,,,True,2022-07-18 10:34:19.806314+00:00,2023-10-03 08:36:40.758114+00:00,895,1,1
99400319446,Alquiler de vehículos en la ciudad de Barcelona,Open Data BCN,https://opendata-ajuntament.barcelona.cat/data/es/dataset/lloguer-de-vehicles,CC BY 4.0,2026-03-17T10:30:15Z,Botiga dbike-us,Botiga dbike-us,,botiga-dbike-us,1,single_site_operator,bicycle,bike,retail_or_repair,low,60,low_relevance_context,exclude_from_core_published_product,major_transport_hub_or_corridor,inner_city,2.577,BARCELONA,3,Sants-Montjuïc,22,3,18,Sants,7,1,8029,"C Numància, 40","C Numància, 40, Sants, Sants-Montjuïc, BARCELONA",41.382888,2.1397,428067.42,4581619.73,20691_1069,1,0,933 215 394,,,933 215 394,,,,True,2013-06-04 15:17:52+00:00,2014-12-04 18:04:50+00:00,4120,1,1
99400275864,Alquiler de vehículos en la ciudad de Barcelona,Open Data BCN,https://opendata-ajuntament.barcelona.cat/data/es/dataset/lloguer-de-vehicles,CC BY 4.0,2026-03-17T10:30:15Z,Concessionari Moto Scooter,Concessionari Moto Scooter,,concessionari-moto-scooter,1,single_site_operator,scooter_motorcycle,scooter,retail_or_repair,none,50,low_relevance_context,exclude_from_core_published_product,central_tourism_business,central_core,1.229,BARCELONA,2,Eixample,25,7,8,l'Antiga Esquerra de l'Eixample,3,0,8011,"C Villarroel, 121","C Villarroel, 121, l'Antiga Esquerra de l'Eixample, Eixample, BARCELONA",41.386133,2.155411,429384.57,4581967.06,20693_1077,1,0,934531467,934531467,,,,,,True,2011-08-09 09:18:35+00:00,2011-08-09 09:19:03+00:00,5333,1,1
99400390724,Alquiler de vehículos en la ciudad de Barcelona,Open Data BCN,https://opendata-ajuntament.barcelona.cat/data/es/dataset/lloguer-de-vehicles,CC BY 4.0,2026-03-17T10:30:15Z,Rickshawstours,Rickshawstours,,rickshawstours,1,single_site_operator,rickshaw,rickshaw,tourism_or_guided_experience,medium,45,urban_mobility_tourism_context,include_if_tourism_mobility_scope_needed,central_tourism_business,central_core,1.198,BARCELONA,1,Ciutat Vella,28,22,4,"Sant Pere, Santa Caterina i la Ribera",8,8,8018,"C Roger de Flor, 7","C Roger de Flor, 7, Sant Pere, Santa Caterina i la Ribera, Ciutat Vella, BARCELONA",41.390249,2.183793,431761.92,4582401.26,20695_1091,2,2,,,,,,,,False,2015-07-06 07:12:13+00:00,2015-07-06 07:12:26+00:00,3906,1,0
99400632918,Alquiler de vehículos en la ciudad de Barcelona,Open Data BCN,https://opendata-ajuntament.barcelona.cat/data/es/dataset/lloguer-de-vehicles,CC BY 4.0,2026-03-17T10:30:15Z,Pura Vida Rickshaw Tours,Pura Vida Rickshaw Tours,,pura-vida-rickshaw-tours,1,single_site_operator,rickshaw,rickshaw,tourism_or_guided_experience,medium,45,urban_mobility_tourism_context,include_if_tourism_mobility_scope_needed,major_transport_hub_or_corridor,central_core,1.583,BARCELONA,3,Sants-Montjuïc,22,3,11,el Poble-sec,6,2,8004,"C Lafont, 19","C Lafont, 19, el Poble-sec, Sants-Montjuïc, BARCELONA",41.372787,2.168918,430499.73,4580474.48,20686_1084,1,1,931823930,931823930,,,,,,True,2019-07-25 11:13:42+00:00,2019-07-25 11:14:22+00:00,2426,1,1
99400210802,Alquiler de vehículos en la ciudad de Barcelona,Open Data BCN,https://opendata-ajuntament.barcelona.cat/data/es/dataset/lloguer-de-vehicles,CC BY 4.0,2026-03-17T10:30:15Z,Empresa GoCar - GPS Guided Tours,Empresa GoCar - GPS Guided Tours,,empresa-gocar-gps-guided-tours,1,single_site_operator,microcar_tour,microcar,tourism_or_guided_experience,medium,35,urban_mobility_tourism_context,include_if_tourism_mobility_scope_needed,central_tourism_business,central_core,1.196,BARCELONA,1,Ciutat Vella,28,22,4,"Sant Pere, Santa Caterina i la Ribera",8,8,8018,"Pg Pujades, 7","Pg Pujades, 7, Sant Pere, Santa Caterina i la Ribera, Ciutat Vella, BARCELONA",41.389664,2.183995,431778.23,4582336.19,20694_1091,1,1,932691792,932691792,,,,,,True,2008-07-23 10:27:34+00:00,2019-11-08 12:53:36+00:00,2320,1,1
151143505,Alquiler de vehículos en la ciudad de Barcelona,Open Data BCN,https://opendata-ajuntament.barcelona.cat/data/es/dataset/lloguer-de-vehicles,CC BY 4.0,2026-03-17T10:30:15Z,Easy Rent a Car,Easy Rent a Car,,easy-rent-a-car,1,single_site_operator,car,car,rental_or_hire,none,30,multimodal_benchmark_context,keep_for_multimodal_context_not_core_dataset,urban_neighborhood,,4616.869,BARCELONA,0,,2,0,0,,2,0,,,BARCELONA,-0.001094,-1.489468,-80.8,-121.32,-1_-745,2,0,,,,,,,,False,2000-05-29 22:00:00+00:00,2008-10-07 16:56:06+00:00,6369,1,1
75990282388,Alquiler de vehículos en la ciudad de Barcelona,Open Data BCN,https://opendata-ajuntament.barcelona.cat/data/es/dataset/lloguer-de-vehicles,CC BY 4.0,2026-03-17T10:30:15Z,"Central Spania Car Rental,S.L.","Central Spania Car Rental,S.L.",,central-spania-car-rental-s-l,1,single_site_operator,car,car,rental_or_hire,none,30,multimodal_benchmark_context,keep_for_multimodal_context_not_core_dataset,central_tourism_business,central_core,1.688,BARCELONA,2,Eixample,25,7,9,la Nova Esquerra de l'Eixample,7,1,8029,"C Viladomat, 212","C Viladomat, 212, la Nova Esquerra de l'Eixample, Eixample, BARCELONA",41.385385,2.149982,428929.85,4581888.49,20692_1074,2,0,934392538,,934392538,,,,,True,1996-09-17 22:00:00+00:00,2023-10-03 08:17:18.516279+00:00,895,1,1
98154114612,Alquiler de vehículos en la ciudad de Barcelona,Open Data BCN,https://opendata-ajuntament.barcelona.cat/data/es/dataset/lloguer-de-vehicles,CC BY 4.0,2026-03-17T10:30:15Z,Laser Rent a Car,Laser Rent a Car,,laser-rent-a-car,1,single_site_operator,car,car,rental_or_hire,none,30,multimodal_benchmark_context,keep_for_multimodal_context_not_core_dataset,urban_neighborhood,inner_city,2.237,BARCELONA,2,Eixample,25,7,9,la Nova Esquerra de l'Eixample,7,1,8029,"Av Roma, 15","Av Roma, 15, la Nova Esquerra de l'Eixample, Eixample, BARCELONA",41.381267,2.144402,428458.82,4581435.89,20690_1072,1,0,933229012,,933229012,,,,,True,1998-06-02 22:00:00+00:00,2023-02-16 10:56:30.934968+00:00,1124,1,1
1283170220,Alquiler de vehículos en la ciudad de Barcelona,Open Data BCN,https://opendata-ajuntament.barcelona.cat/data/es/dataset/lloguer-de-vehicles,CC BY 4.0,2026-03-17T10:30:15Z,Lloguer de Cotxes Sixt Barcelona Eixample,Lloguer de Cotxes Sixt Barcelona Eixample,,lloguer-de-cotxes-sixt-barcelona-eixample,1,single_site_operator,car,car,rental_or_hire,none,30,multimodal_benchmark_context,keep_for_multimodal_context_not_core_dataset,central_tourism_business,central_core,1.693,BARCELONA,2,Eixample,25,7,9,la Nova Esquerra de l'Eixample,7,1,8015,"C Aragó, 54","C Aragó, 54, la Nova Esquerra de l'Eixample, Eixample, BARCELONA",41.38167,2.151088,429018.27,4581475.05,20690_1075,1,0,902491616,902491616,,,,,,True,2001-10-09 22:00:00+00:00,2023-02-16 10:58:27.768595+00:00,1124,1,1
99400337242,Alquiler de vehículos en la ciudad de Barcelona,Open Data BCN,https://opendata-ajuntament.barcelona.cat/data/es/dataset/lloguer-de-vehicles,CC BY 4.0,2026-03-17T10:30:15Z,Lloguer de Cotxes Sixt Barcelona Rambla Catalunya,Lloguer de Cotxes Sixt Barcelona Rambla Catalunya,,lloguer-de-cotxes-sixt-barcelona-rambla-catalunya,1,single_site_operator,car,car,rental_or_hire,none,30,multimodal_benchmark_context,keep_for_multimodal_context_not_core_dataset,central_tourism_business,central_core,0.874,BARCELONA,2,Eixample,25,7,7,la Dreta de l'Eixample,5,1,8007,"Rbla Catalunya, 74","Rbla Catalunya, 74, la Dreta de l'Eixample, Eixample, BARCELONA",41.392204,2.162255,429963.31,4582635.43,20696_1081,1,0,902491616,902491616,,,,,,True,2014-03-12 12:13:05+00:00,2014-03-13 13:10:24+00:00,4386,1,1
79000000588,Alquiler de vehículos en la ciudad de Barcelona,Open Data BCN,https://opendata-ajuntament.barcelona.cat/data/es/dataset/lloguer-de-vehicles,CC BY 4.0,2026-03-17T10:30:15Z,Lloguer de Vehicles Vanguard Rent a Car,Lloguer de Vehicles Vanguard Rent a Car,,lloguer-de-vehicles-vanguard-rent-a-car,1,single_site_operator,car,car,rental_or_hire,none,30,multimodal_benchmark_context,keep_for_multimodal_context_not_core_dataset,urban_neighborhood,inner_city,2.077,BARCELONA,2,Eixample,25,7,9,la Nova Esquerra de l'Eixample,7,1,8029,"Viladomat, 297","Viladomat, 297, la Nova Esquerra de l'Eixample, Eixample, BARCELONA",41.388631,2.145303,428542.24,4582252.67,20694_1072,1,0,934393880,934393880,,,,,,True,1998-12-20 23:00:00+00:00,2023-02-16 10:58:42.436493+00:00,1124,1,1
75990147189,Alquiler de vehículos en la ciudad de Barcelona,Open Data BCN,https://opendata-ajuntament.barcelona.cat/data/es/dataset/lloguer-de-vehicles,CC BY 4.0,2026-03-17T10:30:15Z,Over Rent Car S.A.,Over Rent Car S.A.,,over-rent-car-s-a,1,single_site_operator,car,car,rental_or_hire,none,30,multimodal_benchmark_context,keep_for_multimodal_context_not_core_dataset,urban_neighborhood,inner_city,2.306,BARCELONA,2,Eixample,25,7,9,la Nova Esquerra de l'Eixample,7,1,8029,"Av Josep Tarradellas, 42","Av Josep Tarradellas, 42, la Nova Esquerra de l'Eixample, Eixample, BARCELONA",41.383646,2.142829,428329.88,4581701.3,20691_1071,1,0,934052660,934052660,,,,,,True,1996-09-17 22:00:00+00:00,2023-10-03 08:17:58.480838+00:00,895,1,1
99400098443,Alquiler de vehículos en la ciudad de Barcelona,Open Data BCN,https://opendata-ajuntament.barcelona.cat/data/es/dataset/lloguer-de-vehicles,CC BY 4.0,2026-03-17T10:30:15Z,BCN Rent a Car,BCN Rent a Car,,bcn-rent-a-car,1,single_site_operator,car,car,rental_or_hire,none,30,multimodal_benchmark_context,keep_for_multimodal_context_not_core_dataset,urban_neighborhood,inner_city,3.313,BARCELONA,4,Les Corts,6,0,19,les Corts,6,0,8028,"C Lluçà, 38","C Lluçà, 38, les Corts, Les Corts, BARCELONA",41.382558,2.130832,427325.57,4581590.47,20691_1065,1,0,934901930,934901930,,,,,,True,2004-10-28 11:20:12+00:00,2023-02-15 09:38:40.058772+00:00,1125,1,1
99400132081,Alquiler de vehículos en la ciudad de Barcelona,Open Data BCN,https://opendata-ajuntament.barcelona.cat/data/es/dataset/lloguer-de-vehicles,CC BY 4.0,2026-03-17T10:30:15Z,Lloguer de Vehicles Daperton,Lloguer de Vehicles Daperton,,lloguer-de-vehicles-daperton,1,single_site_operator,car,car,rental_or_hire,none,30,multimodal_benchmark_context,keep_for_multimodal_context_not_core_dataset,urban_neighborhood,inner_city,3.387,BARCELONA,4,Les Corts,6,0,19,les Corts,6,0,8028,"C Joan Güell, 207","C Joan Güell, 207, les Corts, Les Corts, BARCELONA",41.386266,2.129508,427218.99,4582003.2,20693_1064,1,0,902157751,902157751,,,,,,True,2005-07-23 11:07:24+00:00,2023-10-03 08:37:11.078018+00:00,895,1,1
99400337248,Alquiler de vehículos en la ciudad de Barcelona,Open Data BCN,https://opendata-ajuntament.barcelona.cat/data/es/dataset/lloguer-de-vehicles,CC BY 4.0,2026-03-17T10:30:15Z,Lloguer de Cotxes Sixt Barcelona Diagonal Mar Hilton,Lloguer de Cotxes Sixt Barcelona Diagonal Mar Hilton,,lloguer-de-cotxes-sixt-barcelona-diagonal-mar-hilton,1,single_site_operator,car,car,rental_or_hire,none,30,multimodal_benchmark_context,keep_for_multimodal_context_not_core_dataset,major_transport_hub_or_corridor,inner_city,4.643,BARCELONA,10,Sant Martí,25,6,69,Diagonal Mar i el Front Marítim del Poblenou,1,0,8019,"Pg Taulat, 262","Pg Taulat, 262, Diagonal Mar i el Front Marítim del Poblenou, Sant Martí, BARCELONA",41.409046,2.217372,434588.11,4584462.18,20704_1108,1,0,902491616,902491616,,,,,,True,2014-03-12 12:18:53+00:00,2014-03-13 13:09:51+00:00,4386,1,1
99400582561,Alquiler de vehículos en la ciudad de Barcelona,Open Data BCN,https://opendata-ajuntament.barcelona.cat/data/es/dataset/lloguer-de-vehicles,CC BY 4.0,2026-03-17T10:30:15Z,Centauro Rent a Car *Estació de Sants,Centauro Rent a Car,Estació de Sants,centauro-rent-a-car,1,single_site_operator,car,car,rental_or_hire,none,30,multimodal_benchmark_context,keep_for_multimodal_context_not_core_dataset,major_transport_hub_or_corridor,inner_city,2.541,Barcelona,3,Sants-Montjuïc,22,3,18,Sants,7,1,8014,"Carrer de Viriat, 43-43","Carrer de Viriat, 43-43, Sants, Sants-Montjuïc, Barcelona",41.380612,2.140853,428161.32,4581366.06,20690_1070,2,0,966 360 360,966 360 360,,,,,,True,2018-04-09 14:12:47+00:00,2022-11-18 07:30:09.622137+00:00,1214,1,1
99400337239,Alquiler de vehículos en la ciudad de Barcelona,Open Data BCN,https://opendata-ajuntament.barcelona.cat/data/es/dataset/lloguer-de-vehicles,CC BY 4.0,2026-03-17T10:30:15Z,Lloguer de Cotxes Sixt Barcelona Sants,Lloguer de Cotxes Sixt Barcelona Sants,,lloguer-de-cotxes-sixt-barcelona-sants,1,single_site_operator,car,car,rental_or_hire,none,30,multimodal_benchmark_context,keep_for_multimodal_context_not_core_dataset,major_transport_hub_or_corridor,inner_city,2.473,BARCELONA,3,Sants-Montjuïc,22,3,15,Hostafrancs,3,0,8014,"C Rector Triadó, 104","C Rector Triadó, 104, Hostafrancs, Sants-Montjuïc, BARCELONA",41.379363,2.142256,428277.25,4581226.21,20689_1071,2,0,902491616,902491616,,,,,,True,2014-03-12 12:04:11+00:00,2014-03-13 13:10:34+00:00,4386,1,1
99400202484,Alquiler de vehículos en la ciudad de Barcelona,Open Data BCN,https://opendata-ajuntament.barcelona.cat/data/es/dataset/lloguer-de-vehicles,CC BY 4.0,2026-03-17T10:30:15Z,Luxury and Rentals,Luxury and Rentals,,luxury-and-rentals,1,single_site_operator,car,car,rental_or_hire,none,30,multimodal_benchmark_context,keep_for_multimodal_context_not_core_dataset,urban_neighborhood,inner_city,3.012,BARCELONA,5,Sarrià-Sant Gervasi,2,0,26,Sant Gervasi - Galvany,2,0,8021,"Via Augusta, 238","Via Augusta, 238, Sant Gervasi - Galvany, Sarrià-Sant Gervasi, BARCELONA",41.397988,2.137097,427866.45,4583298.22,20698_1068,1,0,932008350,932008350,,,,,,True,2008-03-20 16:20:13+00:00,2008-03-20 16:20:30+00:00,6570,1,1
99400657135,Alquiler de vehículos en la ciudad de Barcelona,Open Data BCN,https://opendata-ajuntament.barcelona.cat/data/es/dataset/lloguer-de-vehicles,CC BY 4.0,2026-03-17T10:30:15Z,Empresa Zonetransfers,Empresa Zonetransfers,,empresa-zonetransfers,1,single_site_operator,limousine_chauffeur,limousine,rental_or_hire,none,20,multimodal_benchmark_context,keep_for_multimodal_context_not_core_dataset,urban_neighborhood,,4616.869,BARCELONA,,,2,0,,,2,0,,,BARCELONA,-0.001094,-1.489468,-80.8,-121.32,-1_-745,2,0,665264451,,,665264451,,,,True,2020-09-07 14:29:48+00:00,2020-09-09 09:58:41+00:00,2014,1,1
94133143949,Alquiler de vehículos en la ciudad de Barcelona,Open Data BCN,https://opendata-ajuntament.barcelona.cat/data/es/dataset/lloguer-de-vehicles,CC BY 4.0,2026-03-17T10:30:15Z,Las Golondrinas Port Barcelona (Guixetes),Las Golondrinas Port Barcelona (Guixetes),,las-golondrinas-port-barcelona-guixetes,1,single_site_operator,boat_nautical,boat_or_nautical,rental_or_hire,none,20,multimodal_benchmark_context,keep_for_multimodal_context_not_core_dataset,waterfront_or_tourism,central_core,1.322,BARCELONA,1,Ciutat Vella,28,22,1,el Raval,11,7,8001,"Pl Portal de la Pau, 1","Pl Portal de la Pau, 1, el Raval, Ciutat Vella, BARCELONA",41.375982,2.176057,431100.13,4580823.45,20687_1088,1,0,934423106,934423106,,,,,,True,1994-05-12 22:00:00+00:00,2023-01-20 13:10:57.361363+00:00,1151,1,1
99400049338,Alquiler de vehículos en la ciudad de Barcelona,Open Data BCN,https://opendata-ajuntament.barcelona.cat/data/es/dataset/lloguer-de-vehicles,CC BY 4.0,2026-03-17T10:30:15Z,Avis *Còrsega,Avis,Còrsega,avis,3,multi_site_operator,car,car,rental_or_hire,none,20,multimodal_benchmark_context,keep_for_multimodal_context_not_core_dataset,central_tourism_business,central_core,1.407,BARCELONA,2,Eixample,25,7,7,la Dreta de l'Eixample,5,1,8008,"C Còrsega, 293","C Còrsega, 293, la Dreta de l'Eixample, Eixample, BARCELONA",41.394655,2.156669,429499.01,4582912.15,20697_1078,1,0,902110275,,902110275,,,,,True,2003-07-05 14:18:36+00:00,2023-10-03 08:15:25.351931+00:00,895,1,1
79000000579,Alquiler de vehículos en la ciudad de Barcelona,Open Data BCN,https://opendata-ajuntament.barcelona.cat/data/es/dataset/lloguer-de-vehicles,CC BY 4.0,2026-03-17T10:30:15Z,"Barcelona Limousine, S.A.","Barcelona Limousine, S.A.",,barcelona-limousine-s-a,1,single_site_operator,limousine_chauffeur,limousine,rental_or_hire,none,20,multimodal_benchmark_context,keep_for_multimodal_context_not_core_dataset,central_tourism_business,central_core,1.517,BARCELONA,2,Eixample,25,7,5,el Fort Pienc,3,2,8013,"Sardenya, 199","Sardenya, 199, el Fort Pienc, Eixample, BARCELONA",41.398742,2.179357,431399.97,4583347.59,20699_1089,1,0,932470699,932470699,,,,,,True,1998-12-20 23:00:00+00:00,2023-02-15 09:37:25.194554+00:00,1125,1,1
79000000563,Alquiler de vehículos en la ciudad de Barcelona,Open Data BCN,https://opendata-ajuntament.barcelona.cat/data/es/dataset/lloguer-de-vehicles,CC BY 4.0,2026-03-17T10:30:15Z,Dachs Limousines,Dachs Limousines,,dachs-limousines,1,single_site_operator,limousine_chauffeur,limousine,rental_or_hire,none,20,multimodal_benchmark_context,keep_for_multimodal_context_not_core_dataset,central_tourism_business,central_core,1.908,BARCELONA,2,Eixample,25,7,6,la Sagrada Família,2,0,8013,"València, 455","València, 455, la Sagrada Família, Eixample, BARCELONA",41.403302,2.177225,431226.59,4583855.58,20701_1088,1,0,932654843,932654843,,,,,,True,1998-12-20 23:00:00+00:00,2023-02-15 12:19:33.747119+00:00,1125,1,1
75990377256,Alquiler de vehículos en la ciudad de Barcelona,Open Data BCN,https://opendata-ajuntament.barcelona.cat/data/es/dataset/lloguer-de-vehicles,CC BY 4.0,2026-03-17T10:30:15Z,Enterprise *Muntaner,Enterprise,Muntaner,enterprise,2,two_site_operator,car,car,rental_or_hire,none,20,multimodal_benchmark_context,keep_for_multimodal_context_not_core_dataset,central_tourism_business,central_core,0.833,BARCELONA,2,Eixample,25,7,8,l'Antiga Esquerra de l'Eixample,3,0,8011,"Muntaner, 45","Muntaner, 45, l'Antiga Esquerra de l'Eixample, Eixample, BARCELONA",41.385912,2.160225,429786.88,4581938.54,20692_1080,1,0,933230701,933230701,,,,,,True,1996-09-17 22:00:00+00:00,2023-10-03 08:15:47.811317+00:00,895,1,1
75990133079,Alquiler de vehículos en la ciudad de Barcelona,Open Data BCN,https://opendata-ajuntament.barcelona.cat/data/es/dataset/lloguer-de-vehicles,CC BY 4.0,2026-03-17T10:30:15Z,Europcar *Viladomat,Europcar,Viladomat,europcar,3,multi_site_operator,car,car,rental_or_hire,none,20,multimodal_benchmark_context,keep_for_multimodal_context_not_core_dataset,central_tourism_business,central_core,1.691,BARCELONA,2,Eixample,25,7,9,la Nova Esquerra de l'Eixample,7,1,8029,"Viladomat, 214","Viladomat, 214, la Nova Esquerra de l'Eixample, Eixample, BARCELONA",41.38563,2.149907,428923.87,4581915.66,20692_1074,2,0,934398403,,934398403,,,,,True,1996-09-17 22:00:00+00:00,2023-10-03 08:17:03.366211+00:00,895,1,1
75990597323,Alquiler de vehículos en la ciudad de Barcelona,Open Data BCN,https://opendata-ajuntament.barcelona.cat/data/es/dataset/lloguer-de-vehicles,CC BY 4.0,2026-03-17T10:30:15Z,Europcar *Gran Via,Europcar,Gran Via,europcar,3,multi_site_operator,car,car,rental_or_hire,none,20,multimodal_benchmark_context,keep_for_multimodal_context_not_core_dataset,central_tourism_business,central_core,0.667,BARCELONA,2,Eixample,25,7,7,la Dreta de l'Eixample,5,1,8010,"G.V. Corts Catalanes, 680","G.V. Corts Catalanes, 680, la Dreta de l'Eixample, Eixample, BARCELONA",41.392608,2.172931,430856.28,4582671.74,20696_1086,1,0,933020543,933020543,,,,,,True,1999-06-04 22:00:00+00:00,2023-10-03 08:15:55.274945+00:00,895,1,1
99400166150,Alquiler de vehículos en la ciudad de Barcelona,Open Data BCN,https://opendata-ajuntament.barcelona.cat/data/es/dataset/lloguer-de-vehicles,CC BY 4.0,2026-03-17T10:30:15Z,Avis *Rita bonat,Avis,Rita bonat,avis,3,multi_site_operator,car,car,rental_or_hire,none,20,multimodal_benchmark_context,keep_for_multimodal_context_not_core_dataset,urban_neighborhood,inner_city,2.309,BARCELONA,4,Les Corts,6,0,19,les Corts,6,0,8029,"C Rita Bonnat, 5","C Rita Bonnat, 5, les Corts, Les Corts, BARCELONA",41.389265,2.142587,428315.8,4582325.31,20694_1071,1,0,934102038,934102038,,,,,,True,2006-08-11 12:26:57+00:00,2006-08-11 12:27:03+00:00,7157,1,1
99400175967,Alquiler de vehículos en la ciudad de Barcelona,Open Data BCN,https://opendata-ajuntament.barcelona.cat/data/es/dataset/lloguer-de-vehicles,CC BY 4.0,2026-03-17T10:30:15Z,HERTZ *Illa Diagonal,HERTZ,Illa Diagonal,hertz,2,two_site_operator,car,car,rental_or_hire,none,20,multimodal_benchmark_context,keep_for_multimodal_context_not_core_dataset,major_transport_hub_or_corridor,inner_city,2.911,BARCELONA,4,Les Corts,6,0,19,les Corts,6,0,8029,"Av Diagonal, 555","Av Diagonal, 555, les Corts, Les Corts, BARCELONA",41.389746,2.135399,427715.4,4582384.61,20694_1067,1,0,934101034,934101034,,,,,,True,2007-01-22 10:35:59+00:00,2007-01-22 10:37:28+00:00,6993,1,1
75990382633,Alquiler de vehículos en la ciudad de Barcelona,Open Data BCN,https://opendata-ajuntament.barcelona.cat/data/es/dataset/lloguer-de-vehicles,CC BY 4.0,2026-03-17T10:30:15Z,Autocars Ravigo,Autocars Ravigo,,autocars-ravigo,1,single_site_operator,coach_bus,coach_or_bus,rental_or_hire,none,20,multimodal_benchmark_context,keep_for_multimodal_context_not_core_dataset,urban_neighborhood,outer_city,5.069,BARCELONA,10,Sant Martí,25,6,73,la Verneda i la Pau,1,0,8020,"C Ca n'Oliva, 66","C Ca n'Oliva, 66, la Verneda i la Pau, Sant Martí, BARCELONA",41.424996,2.203675,433459.64,4586243.37,20712_1101,1,0,934850102,934850102,,,,,,True,1996-09-17 22:00:00+00:00,2023-10-03 08:39:11.928348+00:00,895,1,1
92086009399,Alquiler de vehículos en la ciudad de Barcelona,Open Data BCN,https://opendata-ajuntament.barcelona.cat/data/es/dataset/lloguer-de-vehicles,CC BY 4.0,2026-03-17T10:30:15Z,Autopullman Padrós,Autopullman Padrós,,autopullman-padros,1,single_site_operator,coach_bus,coach_or_bus,rental_or_hire,none,20,multimodal_benchmark_context,keep_for_multimodal_context_not_core_dataset,urban_neighborhood,inner_city,3.116,BARCELONA,10,Sant Martí,25,6,68,el Poblenou,4,2,8005,"Ptge Ayma, 16","Ptge Ayma, 16, el Poblenou, Sant Martí, BARCELONA",41.397336,2.204816,433526.77,4583171.68,20698_1102,1,0,93 225 3053,93 225 3053,,,,,,True,1988-02-15 23:00:00+00:00,2023-02-15 10:53:13.001444+00:00,1125,1,1
99400276022,Alquiler de vehículos en la ciudad de Barcelona,Open Data BCN,https://opendata-ajuntament.barcelona.cat/data/es/dataset/lloguer-de-vehicles,CC BY 4.0,2026-03-17T10:30:15Z,Empresa de Serveis Limusina Bcn *El Centre de la Vila,Empresa de Serveis Limusina Bcn,El Centre de la Vila,empresa-de-serveis-limusina-bcn,1,single_site_operator,limousine_chauffeur,limousine,rental_or_hire,none,20,multimodal_benchmark_context,keep_for_multimodal_context_not_core_dataset,urban_neighborhood,inner_city,2.405,BARCELONA,10,Sant Martí,25,6,67,la Vila Olímpica del Poblenou,6,1,8005,"C Salvador Espriu, 61","C Salvador Espriu, 61, la Vila Olímpica del Poblenou, Sant Martí, BARCELONA",41.390356,2.198575,432997.88,4582401.59,20695_1099,1,0,932217332,932217332,,,,,,True,2011-08-11 09:38:44+00:00,2011-08-11 09:39:26+00:00,5331,1,1
99400381835,Alquiler de vehículos en la ciudad de Barcelona,Open Data BCN,https://opendata-ajuntament.barcelona.cat/data/es/dataset/lloguer-de-vehicles,CC BY 4.0,2026-03-17T10:30:15Z,Enterprise *Poblenou,Enterprise,Poblenou,enterprise,2,two_site_operator,car,car,rental_or_hire,none,20,multimodal_benchmark_context,keep_for_multimodal_context_not_core_dataset,urban_neighborhood,inner_city,2.678,BARCELONA,10,Sant Martí,25,6,66,el Parc i la Llacuna del Poblenou,5,3,8018,"C Pere IV, 129","C Pere IV, 129, el Parc i la Llacuna del Poblenou, Sant Martí, BARCELONA",41.401081,2.196146,432805.86,4583594.19,20700_1098,1,0,933056153,933056153,,,,,,True,2015-04-01 11:49:37+00:00,2015-04-01 11:49:46+00:00,4002,1,1
99400090793,Alquiler de vehículos en la ciudad de Barcelona,Open Data BCN,https://opendata-ajuntament.barcelona.cat/data/es/dataset/lloguer-de-vehicles,CC BY 4.0,2026-03-17T10:30:15Z,Escola de Nautica Neptuno,Escola de Nautica Neptuno,,escola-de-nautica-neptuno,1,single_site_operator,boat_nautical,boat_or_nautical,rental_or_hire,none,20,multimodal_benchmark_context,keep_for_multimodal_context_not_core_dataset,urban_neighborhood,inner_city,2.434,Barcelona,10,Sant Martí,25,6,67,la Vila Olímpica del Poblenou,6,1,8005,"Moll de Marina, 3-3","Moll de Marina, 3-3, la Vila Olímpica del Poblenou, Sant Martí, Barcelona",41.385877,2.199233,433048.31,4581903.87,20692_1099,2,1,93 224 71 99,93 224 71 99,,,,,,True,2004-06-18 11:06:14+00:00,2022-01-26 12:48:18.788769+00:00,1510,1,1
75990087372,Alquiler de vehículos en la ciudad de Barcelona,Open Data BCN,https://opendata-ajuntament.barcelona.cat/data/es/dataset/lloguer-de-vehicles,CC BY 4.0,2026-03-17T10:30:15Z,Escon Car S.L.,Escon Car S.L.,,escon-car-s-l,1,single_site_operator,car,car,rental_or_hire,none,20,multimodal_benchmark_context,keep_for_multimodal_context_not_core_dataset,urban_neighborhood,inner_city,2.834,BARCELONA,10,Sant Martí,25,6,64,el Camp de l'Arpa del Clot,2,0,8026,"Av Meridiana, 129","Av Meridiana, 129, el Camp de l'Arpa del Clot, Sant Martí, BARCELONA",41.409288,2.186574,432014.25,4584512.79,20704_1093,1,0,932470966,,932470966,,,,,True,1996-09-17 22:00:00+00:00,2023-10-03 08:43:04.358377+00:00,895,1,1
96089100211,Alquiler de vehículos en la ciudad de Barcelona,Open Data BCN,https://opendata-ajuntament.barcelona.cat/data/es/dataset/lloguer-de-vehicles,CC BY 4.0,2026-03-17T10:30:15Z,Geomar,Geomar,,geomar,1,single_site_operator,boat_nautical,boat_or_nautical,rental_or_hire,none,20,multimodal_benchmark_context,keep_for_multimodal_context_not_core_dataset,waterfront_or_tourism,inner_city,2.424,Barcelona,10,Sant Martí,25,6,67,la Vila Olímpica del Poblenou,6,1,8005,"Port Olímpic, 100-100","Port Olímpic, 100-100, la Vila Olímpica del Poblenou, Sant Martí, Barcelona",41.388166,2.199118,433040.99,4582158.0,20694_1099,1,0,93 221 3924,93 221 3924,,,,,,True,1996-03-28 23:00:00+00:00,2023-02-16 09:22:34.118076+00:00,1124,1,1
75990225468,Alquiler de vehículos en la ciudad de Barcelona,Open Data BCN,https://opendata-ajuntament.barcelona.cat/data/es/dataset/lloguer-de-vehicles,CC BY 4.0,2026-03-17T10:30:15Z,Rononautica *Port Olímpic,Rononautica,Port Olímpic,rononautica,1,single_site_operator,boat_nautical,boat_or_nautical,rental_or_hire,none,20,multimodal_benchmark_context,keep_for_multimodal_context_not_core_dataset,waterfront_or_tourism,,87.807,Barcelona,10,Sant Martí,25,6,67,la Vila Olímpica del Poblenou,6,1,8005,"Port Olímpic, 100-100","Port Olímpic, 100-100, la Vila Olímpica del Poblenou, Sant Martí, Barcelona",40.643732,1.81662,399940.9,4499882.29,20321_908,1,0,932210380,932210380,,,,,,True,1996-09-17 22:00:00+00:00,2023-10-03 08:40:38.752413+00:00,895,1,1
99130093339,Alquiler de vehículos en la ciudad de Barcelona,Open Data BCN,https://opendata-ajuntament.barcelona.cat/data/es/dataset/lloguer-de-vehicles,CC BY 4.0,2026-03-17T10:30:15Z,Autocares Ízaro,Autocares Ízaro,,autocares-izaro,1,single_site_operator,coach_bus,coach_or_bus,rental_or_hire,none,20,multimodal_benchmark_context,keep_for_multimodal_context_not_core_dataset,major_transport_hub_or_corridor,inner_city,4.086,Barcelona,3,Sants-Montjuïc,22,3,12,la Marina del Prat Vermell,5,0,8038,"Carrer de la Mare de Déu de Port, 153-157","Carrer de la Mare de Déu de Port, 153-157, la Marina del Prat Vermell, Sants-Montjuïc, Barcelona",41.354298,2.147758,428709.99,4578439.0,20677_1073,1,0,902326266,,902326266,,,,,True,1999-05-09 22:00:00+00:00,2012-07-19 12:54:17+00:00,4988,1,1
75990430425,Alquiler de vehículos en la ciudad de Barcelona,Open Data BCN,https://opendata-ajuntament.barcelona.cat/data/es/dataset/lloguer-de-vehicles,CC BY 4.0,2026-03-17T10:30:15Z,Autocars Canals,Autocars Canals,,autocars-canals,1,single_site_operator,coach_bus,coach_or_bus,rental_or_hire,none,20,multimodal_benchmark_context,keep_for_multimodal_context_not_core_dataset,major_transport_hub_or_corridor,inner_city,4.609,BARCELONA,3,Sants-Montjuïc,22,3,12,la Marina del Prat Vermell,5,0,8038,"Plom, 25","Plom, 25, la Marina del Prat Vermell, Sants-Montjuïc, BARCELONA",41.353094,2.138338,427920.64,4578313.15,20676_1069,1,0,932232166,,,,,932232166,,True,1997-03-21 23:00:00+00:00,2023-10-03 08:38:40.623929+00:00,895,1,1
75990430367,Alquiler de vehículos en la ciudad de Barcelona,Open Data BCN,https://opendata-ajuntament.barcelona.cat/data/es/dataset/lloguer-de-vehicles,CC BY 4.0,2026-03-17T10:30:15Z,Autocars Molist SA *Feixa Llarga,Autocars Molist SA,Feixa Llarga,autocars-molist-sa,2,two_site_operator,coach_bus,coach_or_bus,rental_or_hire,none,20,multimodal_benchmark_context,keep_for_multimodal_context_not_core_dataset,major_transport_hub_or_corridor,outer_city,7.767,BARCELONA,3,Sants-Montjuïc,22,3,12,la Marina del Prat Vermell,5,0,8040,"Feixa Llarga, 9","Feixa Llarga, 9, la Marina del Prat Vermell, Sants-Montjuïc, BARCELONA",41.335811,2.106772,425260.3,4576421.16,20667_1053,1,0,933363611,933363611,,,,,,True,1997-03-21 23:00:00+00:00,2023-10-03 08:38:40.734971+00:00,895,1,1
75990054288,Alquiler de vehículos en la ciudad de Barcelona,Open Data BCN,https://opendata-ajuntament.barcelona.cat/data/es/dataset/lloguer-de-vehicles,CC BY 4.0,2026-03-17T10:30:15Z,Autocars Molist SA *Berlín,Autocars Molist SA,Berlín,autocars-molist-sa,2,two_site_operator,coach_bus,coach_or_bus,rental_or_hire,none,20,multimodal_benchmark_context,keep_for_multimodal_context_not_core_dataset,major_transport_hub_or_corridor,inner_city,2.743,BARCELONA,3,Sants-Montjuïc,22,3,18,Sants,7,1,8014,"C Berlín, 16","C Berlín, 16, Sants, Sants-Montjuïc, BARCELONA",41.382531,2.137769,427905.55,4581581.66,20691_1068,1,0,93 336 36 11,93 336 36 11,,,,,,True,1996-09-17 22:00:00+00:00,2023-10-03 08:44:35.227527+00:00,895,1,1
75990666617,Alquiler de vehículos en la ciudad de Barcelona,Open Data BCN,https://opendata-ajuntament.barcelona.cat/data/es/dataset/lloguer-de-vehicles,CC BY 4.0,2026-03-17T10:30:15Z,Avis *Estació de Sants,Avis,Estació de Sants,avis,3,multi_site_operator,car,car,rental_or_hire,none,20,multimodal_benchmark_context,keep_for_multimodal_context_not_core_dataset,major_transport_hub_or_corridor,inner_city,2.473,BARCELONA,3,Sants-Montjuïc,22,3,15,Hostafrancs,3,0,8014,"C Rector Triadó, 104","C Rector Triadó, 104, Hostafrancs, Sants-Montjuïc, BARCELONA",41.379363,2.142256,428277.25,4581226.21,20689_1071,2,0,902110293,902110293,,,,,,True,2000-06-30 22:00:00+00:00,2023-10-03 08:37:35.177955+00:00,895,1,1
99400092353,Alquiler de vehículos en la ciudad de Barcelona,Open Data BCN,https://opendata-ajuntament.barcelona.cat/data/es/dataset/lloguer-de-vehicles,CC BY 4.0,2026-03-17T10:30:15Z,CAT Helicòpters,CAT Helicòpters,,cat-helicopters,1,single_site_operator,helicopter,helicopter,rental_or_hire,none,20,multimodal_benchmark_context,keep_for_multimodal_context_not_core_dataset,major_transport_hub_or_corridor,inner_city,4.096,Barcelona,3,Sants-Montjuïc,22,3,12,la Marina del Prat Vermell,5,0,8039,"Moll Adossat, 1-1","Moll Adossat, 1-1, la Marina del Prat Vermell, Sants-Montjuïc, Barcelona",41.350229,2.173039,430820.41,4577966.84,20675_1086,2,0,93 224 0710,,93 224 0710,,,,,True,2004-07-15 10:18:44+00:00,2023-02-15 11:12:20.630788+00:00,1125,1,1
75990389992,Alquiler de vehículos en la ciudad de Barcelona,Open Data BCN,https://opendata-ajuntament.barcelona.cat/data/es/dataset/lloguer-de-vehicles,CC BY 4.0,2026-03-17T10:30:15Z,Empresa Auxiliar Portuaria y Servicios de Almacenaje,Empresa Auxiliar Portuaria y Servicios de Almacenaje,,empresa-auxiliar-portuaria-y-servicios-de-almacenaje,1,single_site_operator,boat_nautical,boat_or_nautical,rental_or_hire,none,20,multimodal_benchmark_context,keep_for_multimodal_context_not_core_dataset,major_transport_hub_or_corridor,central_core,1.441,BARCELONA,3,Sants-Montjuïc,22,3,11,el Poble-sec,6,2,8004,"C Palaudàries, 5","C Palaudàries, 5, el Poble-sec, Sants-Montjuïc, BARCELONA",41.374242,2.173143,430854.59,4580632.63,20687_1086,1,0,934420072,934420072,,,,,,True,1996-09-17 22:00:00+00:00,2023-10-03 08:39:11.627910+00:00,895,1,1
92294094609,Alquiler de vehículos en la ciudad de Barcelona,Open Data BCN,https://opendata-ajuntament.barcelona.cat/data/es/dataset/lloguer-de-vehicles,CC BY 4.0,2026-03-17T10:30:15Z,Europcar *Estació Sants,Europcar,Estació Sants,europcar,3,multi_site_operator,car,car,rental_or_hire,none,20,multimodal_benchmark_context,keep_for_multimodal_context_not_core_dataset,major_transport_hub_or_corridor,inner_city,2.579,BARCELONA,3,Sants-Montjuïc,22,3,18,Sants,7,1,8014,"Pl Països Catalans, 1","Pl Països Catalans, 1, Sants, Sants-Montjuïc, BARCELONA",41.379557,2.140818,428157.24,4581248.97,20689_1070,1,0,902105055,,902105055,,,,,True,1992-10-19 23:00:00+00:00,2023-02-15 12:39:02.766440+00:00,1125,1,1
92086014646,Alquiler de vehículos en la ciudad de Barcelona,Open Data BCN,https://opendata-ajuntament.barcelona.cat/data/es/dataset/lloguer-de-vehicles,CC BY 4.0,2026-03-17T10:30:15Z,HERTZ *Estació Sants,HERTZ,Estació Sants,hertz,2,two_site_operator,car,car,rental_or_hire,none,20,multimodal_benchmark_context,keep_for_multimodal_context_not_core_dataset,major_transport_hub_or_corridor,inner_city,2.526,BARCELONA,3,Sants-Montjuïc,22,3,18,Sants,7,1,8014,"C Viriat, 45","C Viriat, 45, Sants, Sants-Montjuïc, BARCELONA",41.380682,2.141021,428175.48,4581373.67,20690_1070,2,0,902998707,,902998707,,,,,True,1985-11-03 23:00:00+00:00,2023-02-15 12:58:51.489953+00:00,1125,1,1
99400208702,Alquiler de vehículos en la ciudad de Barcelona,Open Data BCN,https://opendata-ajuntament.barcelona.cat/data/es/dataset/lloguer-de-vehicles,CC BY 4.0,2026-03-17T10:30:15Z,Helicòpters Esport 10,Helicòpters Esport 10,,helicopters-esport-10,1,single_site_operator,helicopter,helicopter,rental_or_hire,none,20,multimodal_benchmark_context,keep_for_multimodal_context_not_core_dataset,major_transport_hub_or_corridor,inner_city,4.1,BARCELONA,3,Sants-Montjuïc,22,3,12,la Marina del Prat Vermell,5,0,8039,"Moll Adossat, 1","Moll Adossat, 1, la Marina del Prat Vermell, Sants-Montjuïc, BARCELONA",41.35019,2.173008,430817.84,4577962.56,20675_1086,2,0,902333110,902333110,,,,,,True,2008-06-19 12:18:22+00:00,2008-06-19 12:27:49+00:00,6479,1,1
99400771093,Alquiler de vehículos en la ciudad de Barcelona,Open Data BCN,https://opendata-ajuntament.barcelona.cat/data/es/dataset/lloguer-de-vehicles,CC BY 4.0,2026-03-17T10:30:15Z,Limusina Barcelona,Limusina Barcelona,,limusina-barcelona,1,single_site_operator,limousine_chauffeur,limousine,rental_or_hire,none,20,multimodal_benchmark_context,keep_for_multimodal_context_not_core_dataset,major_transport_hub_or_corridor,central_core,1.427,Barcelona,3,Sants-Montjuïc,22,3,11,el Poble-sec,6,2,8004,"Avinguda del Paral·lel, 91-91","Avinguda del Paral·lel, 91-91, el Poble-sec, Sants-Montjuïc, Barcelona",41.374794,2.16482,430159.17,4580700.6,20687_1082,1,0,93 441 69 69,93 441 69 69,,,,,,True,2026-01-07 11:32:48.471566+00:00,2026-01-07 11:37:41.712731+00:00,68,1,1
75990112317,Alquiler de vehículos en la ciudad de Barcelona,Open Data BCN,https://opendata-ajuntament.barcelona.cat/data/es/dataset/lloguer-de-vehicles,CC BY 4.0,2026-03-17T10:30:15Z,Transportes Especiales Navarro S.A.,Transportes Especiales Navarro S.A.,,transportes-especiales-navarro-s-a,1,single_site_operator,coach_bus,coach_or_bus,rental_or_hire,none,20,multimodal_benchmark_context,keep_for_multimodal_context_not_core_dataset,major_transport_hub_or_corridor,inner_city,3.153,BARCELONA,3,Sants-Montjuïc,22,3,18,Sants,7,1,8028,"Saleta, 5","Saleta, 5, Sants, Sants-Montjuïc, BARCELONA",41.380679,2.133257,427526.28,4581379.79,20690_1066,2,0,933396256,933396256,,,,,,True,1996-09-17 22:00:00+00:00,2023-10-03 08:42:44.983567+00:00,895,1,1
99400669738,Alquiler de vehículos en la ciudad de Barcelona,Open Data BCN,https://opendata-ajuntament.barcelona.cat/data/es/dataset/lloguer-de-vehicles,CC BY 4.0,2026-03-17T10:30:15Z,Jan Cars Barcelona,Jan Cars Barcelona,,jan-cars-barcelona,1,single_site_operator,car,car,rental_or_hire,none,20,multimodal_benchmark_context,keep_for_multimodal_context_not_core_dataset,urban_neighborhood,inner_city,2.679,Barcelona,5,Sarrià-Sant Gervasi,2,0,26,Sant Gervasi - Galvany,2,0,8021,"Carrer de Ganduxer, 18-18","Carrer de Ganduxer, 18-18, Sant Gervasi - Galvany, Sarrià-Sant Gervasi, Barcelona",41.392798,2.138934,428014.33,4582720.58,20696_1069,1,0,643 171 423,643 171 423,,,,,,True,2021-05-14 08:25:16.241213+00:00,2021-05-14 08:28:49.034817+00:00,1767,1,1
99400417948,Alquiler de vehículos en la ciudad de Barcelona,Open Data BCN,https://opendata-ajuntament.barcelona.cat/data/es/dataset/lloguer-de-vehicles,CC BY 4.0,2026-03-17T10:30:15Z,Barcelona Naval Tours,Barcelona Naval Tours,,barcelona-naval-tours,1,single_site_operator,boat_nautical,boat_or_nautical,tourism_or_guided_experience,none,10,multimodal_benchmark_context,keep_for_multimodal_context_not_core_dataset,central_tourism_business,central_core,1.534,BARCELONA,1,Ciutat Vella,28,22,1,el Raval,11,7,8039,Moll Drassanes,"Moll Drassanes, el Raval, Ciutat Vella, BARCELONA",41.374666,2.178339,431289.58,4580675.58,20687_1089,1,0,934 43 60 50,934 43 60 50,,,,,,True,2016-01-11 11:44:41+00:00,2022-10-03 15:16:46.397543+00:00,1260,1,1
99400387738,Alquiler de vehículos en la ciudad de Barcelona,Open Data BCN,https://opendata-ajuntament.barcelona.cat/data/es/dataset/lloguer-de-vehicles,CC BY 4.0,2026-03-17T10:30:15Z,Easy in City,Easy in City,,easy-in-city,1,single_site_operator,other,other,rental_or_hire,none,0,low_relevance_context,exclude_from_core_published_product,central_tourism_business,central_core,0.27,BARCELONA,1,Ciutat Vella,28,22,2,el Barri Gòtic,7,5,8002,"C Bertrellans, 4","C Bertrellans, 4, el Barri Gòtic, Ciutat Vella, BARCELONA",41.385142,2.172177,430785.39,4581843.47,20692_1086,1,0,932809691,932809691,,,,,,True,2015-06-03 06:24:28+00:00,2015-06-03 06:24:56+00:00,3939,1,1
92163105348,Alquiler de vehículos en la ciudad de Barcelona,Open Data BCN,https://opendata-ajuntament.barcelona.cat/data/es/dataset/lloguer-de-vehicles,CC BY 4.0,2026-03-17T10:30:15Z,Aparcament Indústria,Aparcament Indústria,,aparcament-industria,1,single_site_operator,parking,parking,parking,none,0,supporting_infrastructure_context,optional_supporting_layer,urban_neighborhood,inner_city,2.17,BARCELONA,2,Eixample,25,7,6,la Sagrada Família,2,0,8025,"C Indústria, 90","C Indústria, 90, la Sagrada Família, Eixample, BARCELONA",41.406512,2.17053,430670.4,4584217.29,20703_1085,1,0,934503796,934503796,,,,,,True,1992-06-10 22:00:00+00:00,2007-03-24 10:18:53+00:00,6932,1,1
99400378758,Alquiler de vehículos en la ciudad de Barcelona,Open Data BCN,https://opendata-ajuntament.barcelona.cat/data/es/dataset/lloguer-de-vehicles,CC BY 4.0,2026-03-17T10:30:15Z,Mattia 46 *Gran Via,Mattia 46,Gran Via,mattia-46,1,single_site_operator,other,other,rental_or_hire,none,0,low_relevance_context,exclude_from_core_published_product,central_tourism_business,central_core,1.994,BARCELONA,2,Eixample,25,7,10,Sant Antoni,5,3,8015,"G.V. Corts Catalanes, 392","G.V. Corts Catalanes, 392, Sant Antoni, Eixample, BARCELONA",41.376121,2.151104,429013.57,4580859.05,20688_1075,1,0,933 028 521,,,,933 028 521,,,True,2015-02-26 11:58:30+00:00,2020-01-09 13:44:22+00:00,2258,1,1
75990119494,Alquiler de vehículos en la ciudad de Barcelona,Open Data BCN,https://opendata-ajuntament.barcelona.cat/data/es/dataset/lloguer-de-vehicles,CC BY 4.0,2026-03-17T10:30:15Z,Aparcament Europa,Aparcament Europa,,aparcament-europa,1,single_site_operator,parking,parking,parking,none,0,supporting_infrastructure_context,optional_supporting_layer,urban_neighborhood,inner_city,2.647,Barcelona,6,Gràcia,2,0,32,el Camp d'en Grassot i Gràcia Nova,1,0,8024,"Carrer de Pau Alsina, 80","Carrer de Pau Alsina, 80, el Camp d'en Grassot i Gràcia Nova, Gràcia, Barcelona",41.410106,2.162477,430001.12,4584622.77,20705_1081,1,0,932 194 997,932 194 997,,,,,,True,1996-09-17 22:00:00+00:00,2023-10-03 08:42:25.974072+00:00,895,1,1
75990141919,Alquiler de vehículos en la ciudad de Barcelona,Open Data BCN,https://opendata-ajuntament.barcelona.cat/data/es/dataset/lloguer-de-vehicles,CC BY 4.0,2026-03-17T10:30:15Z,Aparcament Dinamis,Aparcament Dinamis,,aparcament-dinamis,1,single_site_operator,parking,parking,parking,none,0,supporting_infrastructure_context,optional_supporting_layer,urban_neighborhood,inner_city,2.603,BARCELONA,7,Horta-Guinardó,7,0,33,el Baix Guinardó,1,0,8025,"Trav Gràcia, 419","Trav Gràcia, 419, el Baix Guinardó, Horta-Guinardó, BARCELONA",41.410369,2.171895,430788.5,4584644.34,20705_1085,1,0,934553047,934553047,,,,,,True,1996-09-17 22:00:00+00:00,2023-10-03 08:42:20.173934+00:00,895,1,1
92156135536,Alquiler de vehículos en la ciudad de Barcelona,Open Data BCN,https://opendata-ajuntament.barcelona.cat/data/es/dataset/lloguer-de-vehicles,CC BY 4.0,2026-03-17T10:30:15Z,Aparcament Galindo Solà,Aparcament Galindo Solà,,aparcament-galindo-sola,1,single_site_operator,parking,parking,parking,none,0,supporting_infrastructure_context,optional_supporting_layer,urban_neighborhood,outer_city,5.047,BARCELONA,7,Horta-Guinardó,7,0,43,Horta,1,0,8031,"C Chapí, 58","C Chapí, 58, Horta, Horta-Guinardó, BARCELONA",41.431784,2.160284,429841.18,4587031.15,20715_1080,1,0,934161646,934161646,,,,,,True,1992-06-03 22:00:00+00:00,2007-03-24 10:03:55+00:00,6932,1,1
92086032616,Alquiler de vehículos en la ciudad de Barcelona,Open Data BCN,https://opendata-ajuntament.barcelona.cat/data/es/dataset/lloguer-de-vehicles,CC BY 4.0,2026-03-17T10:30:15Z,Aparcament Grande Dóniz,Aparcament Grande Dóniz,,aparcament-grande-doniz,1,single_site_operator,parking,parking,parking,none,0,supporting_infrastructure_context,optional_supporting_layer,urban_neighborhood,inner_city,4.138,BARCELONA,7,Horta-Guinardó,7,0,35,el Guinardó,1,0,8041,"Av Mare Déu de Montserrat, 253","Av Mare Déu de Montserrat, 253, el Guinardó, Horta-Guinardó, BARCELONA",41.423982,2.17567,431118.4,4586152.67,20711_1087,1,0,934565945,934565945,,,,,,True,1990-02-25 23:00:00+00:00,2007-03-24 10:13:26+00:00,6932,1,1
75990068900,Alquiler de vehículos en la ciudad de Barcelona,Open Data BCN,https://opendata-ajuntament.barcelona.cat/data/es/dataset/lloguer-de-vehicles,CC BY 4.0,2026-03-17T10:30:15Z,Aparcament Jericó,Aparcament Jericó,,aparcament-jerico,1,single_site_operator,parking,parking,parking,none,0,supporting_infrastructure_context,optional_supporting_layer,urban_neighborhood,inner_city,4.52,BARCELONA,7,Horta-Guinardó,7,0,39,Sant Genís dels Agudells,1,0,8035,"C Jericó, 2","C Jericó, 2, Sant Genís dels Agudells, Horta-Guinardó, BARCELONA",41.420725,2.139845,428121.29,4585820.17,20710_1069,1,0,932127094,932127094,,,,,,True,1996-09-17 22:00:00+00:00,2023-10-03 08:43:20.377609+00:00,895,1,1
92164143455,Alquiler de vehículos en la ciudad de Barcelona,Open Data BCN,https://opendata-ajuntament.barcelona.cat/data/es/dataset/lloguer-de-vehicles,CC BY 4.0,2026-03-17T10:30:15Z,Aparcament Muntó Tormos,Aparcament Muntó Tormos,,aparcament-munto-tormos,1,single_site_operator,parking,parking,parking,none,0,supporting_infrastructure_context,optional_supporting_layer,urban_neighborhood,inner_city,4.398,BARCELONA,7,Horta-Guinardó,7,0,37,el Carmel,3,0,8032,"C Ramon Rocafull, 15","C Ramon Rocafull, 15, el Carmel, Horta-Guinardó, BARCELONA",41.424276,2.152467,429179.89,4586204.04,20712_1076,1,0,933578321,933578321,,,,,,True,1992-06-11 22:00:00+00:00,2007-03-24 10:29:48+00:00,6932,1,1
75990142017,Alquiler de vehículos en la ciudad de Barcelona,Open Data BCN,https://opendata-ajuntament.barcelona.cat/data/es/dataset/lloguer-de-vehicles,CC BY 4.0,2026-03-17T10:30:15Z,Aparcament Sánchez Valero,Aparcament Sánchez Valero,,aparcament-sanchez-valero,1,single_site_operator,parking,parking,parking,none,0,supporting_infrastructure_context,optional_supporting_layer,urban_neighborhood,inner_city,4.534,BARCELONA,7,Horta-Guinardó,7,0,37,el Carmel,3,0,8032,"C Sacedón, 10","C Sacedón, 10, el Carmel, Horta-Guinardó, BARCELONA",41.426114,2.15475,429372.66,4586406.23,20713_1077,1,0,934295410,934295410,,,,,,True,1996-09-17 22:00:00+00:00,2023-10-03 08:42:20.109736+00:00,895,1,1
75990120904,Alquiler de vehículos en la ciudad de Barcelona,Open Data BCN,https://opendata-ajuntament.barcelona.cat/data/es/dataset/lloguer-de-vehicles,CC BY 4.0,2026-03-17T10:30:15Z,Aparcament Tirado Romano,Aparcament Tirado Romano,,aparcament-tirado-romano,1,single_site_operator,parking,parking,parking,none,0,supporting_infrastructure_context,optional_supporting_layer,urban_neighborhood,inner_city,4.211,BARCELONA,7,Horta-Guinardó,7,0,37,el Carmel,3,0,8032,"C Sigüenza, 115","C Sigüenza, 115, el Carmel, Horta-Guinardó, BARCELONA",41.422258,2.151657,429110.0,4585980.62,20711_1075,1,0,933570949,933570949,,,,,,True,1996-09-17 22:00:00+00:00,2023-10-03 08:42:16.239982+00:00,895,1,1
92086032777,Alquiler de vehículos en la ciudad de Barcelona,Open Data BCN,https://opendata-ajuntament.barcelona.cat/data/es/dataset/lloguer-de-vehicles,CC BY 4.0,2026-03-17T10:30:15Z,Aparcament Les Corts,Aparcament Les Corts,,aparcament-les-corts,1,single_site_operator,parking,parking,parking,none,0,supporting_infrastructure_context,optional_supporting_layer,urban_neighborhood,inner_city,3.141,BARCELONA,4,Les Corts,6,0,19,les Corts,6,0,8014,"Trav Corts, 257","Trav Corts, 257, les Corts, Les Corts, BARCELONA",41.385482,2.13251,427469.09,4581913.7,20692_1066,1,0,934393709,934393709,,,,,,True,1990-02-26 23:00:00+00:00,2007-04-20 11:53:30+00:00,6905,1,1
99400333760,Alquiler de vehículos en la ciudad de Barcelona,Open Data BCN,https://opendata-ajuntament.barcelona.cat/data/es/dataset/lloguer-de-vehicles,CC BY 4.0,2026-03-17T10:30:15Z,Botiga Equip Raiders,Botiga Equip Raiders,,botiga-equip-raiders,1,single_site_operator,other,other,retail_or_repair,none,0,low_relevance_context,exclude_from_core_published_product,urban_neighborhood,inner_city,3.235,BARCELONA,4,Les Corts,6,0,19,les Corts,6,0,8028,"C Joan Güell, 117","C Joan Güell, 117, les Corts, Les Corts, BARCELONA",41.381281,2.132079,427428.45,4581447.68,20690_1066,2,0,934 308 803,,,934 308 803,,,,True,2014-01-09 12:41:50+00:00,2017-12-11 11:53:30+00:00,3017,1,1
92086032742,Alquiler de vehículos en la ciudad de Barcelona,Open Data BCN,https://opendata-ajuntament.barcelona.cat/data/es/dataset/lloguer-de-vehicles,CC BY 4.0,2026-03-17T10:30:15Z,Aparcament Santapau,Aparcament Santapau,,aparcament-santapau,1,single_site_operator,parking,parking,parking,none,0,supporting_infrastructure_context,optional_supporting_layer,urban_neighborhood,inner_city,4.901,BARCELONA,8,Nou Barris,4,0,45,Porta,2,0,8016,"C Santapau, 40","C Santapau, 40, Porta, Nou Barris, BARCELONA",41.430554,2.179098,431411.83,4586879.59,20715_1089,2,0,933402464,933402464,,,,,,True,1990-02-26 23:00:00+00:00,2007-05-17 07:37:27+00:00,6878,1,1
75990079519,Alquiler de vehículos en la ciudad de Barcelona,Open Data BCN,https://opendata-ajuntament.barcelona.cat/data/es/dataset/lloguer-de-vehicles,CC BY 4.0,2026-03-17T10:30:15Z,Aparcament Solanes Huguet,Aparcament Solanes Huguet,,aparcament-solanes-huguet,1,single_site_operator,parking,parking,parking,none,0,supporting_infrastructure_context,optional_supporting_layer,urban_neighborhood,outer_city,5.05,BARCELONA,8,Nou Barris,4,0,45,Porta,2,0,8016,"C Malgrat, 89","C Malgrat, 89, Porta, Nou Barris, BARCELONA",41.43182,2.179871,431477.7,4587019.51,20715_1089,2,0,933499407,933499407,,,,,,True,1996-09-17 22:00:00+00:00,2023-10-03 08:44:13.158160+00:00,895,1,1
75990393236,Alquiler de vehículos en la ciudad de Barcelona,Open Data BCN,https://opendata-ajuntament.barcelona.cat/data/es/dataset/lloguer-de-vehicles,CC BY 4.0,2026-03-17T10:30:15Z,Assistència Catalana 24 horas servicio gruas,Assistència Catalana 24 horas servicio gruas,,assistencia-catalana-24-horas-servicio-gruas,1,single_site_operator,other,other,support_service,none,0,low_relevance_context,exclude_from_core_published_product,urban_neighborhood,outer_city,6.267,BARCELONA,8,Nou Barris,4,0,52,la Prosperitat,2,0,8016,"Nou Pins, 24","Nou Pins, 24, la Prosperitat, Nou Barris, BARCELONA",41.442668,2.181857,431655.03,4588222.28,20721_1090,1,0,932764244,932764244,,,,,,True,1996-09-17 22:00:00+00:00,2023-10-03 08:39:11.384303+00:00,895,1,1
2059101139,Alquiler de vehículos en la ciudad de Barcelona,Open Data BCN,https://opendata-ajuntament.barcelona.cat/data/es/dataset/lloguer-de-vehicles,CC BY 4.0,2026-03-17T10:30:15Z,Aparcament Sant Andreu Teatre,Aparcament Sant Andreu Teatre,,aparcament-sant-andreu-teatre,1,single_site_operator,parking,parking,parking,none,0,supporting_infrastructure_context,optional_supporting_layer,urban_neighborhood,outer_city,5.058,BARCELONA,9,Sant Andreu,1,0,60,Sant Andreu,1,0,8030,"C Monges, 2","C Monges, 2, Sant Andreu, Sant Andreu, BARCELONA",41.430459,2.188001,432155.58,4586862.01,20715_1094,1,0,933114901,933114901,,,,,,True,2002-02-27 23:00:00+00:00,2018-12-21 14:51:39+00:00,2642,1,1
75990149058,Alquiler de vehículos en la ciudad de Barcelona,Open Data BCN,https://opendata-ajuntament.barcelona.cat/data/es/dataset/lloguer-de-vehicles,CC BY 4.0,2026-03-17T10:30:15Z,Aparcament Auto Servicio Turo Park,Aparcament Auto Servicio Turo Park,,aparcament-auto-servicio-turo-park,1,single_site_operator,parking,parking,parking,none,0,supporting_infrastructure_context,optional_supporting_layer,urban_neighborhood,inner_city,3.585,BARCELONA,10,Sant Martí,25,6,71,Provençals del Poblenou,2,0,8018,"C Perú, 171","C Perú, 171, Provençals del Poblenou, Sant Martí, BARCELONA",41.410869,2.198997,433054.19,4584678.59,20705_1099,1,0,934984150,934984150,,,,,,True,1996-09-17 22:00:00+00:00,2023-10-03 08:41:49.222436+00:00,895,1,1
75990272827,Alquiler de vehículos en la ciudad de Barcelona,Open Data BCN,https://opendata-ajuntament.barcelona.cat/data/es/dataset/lloguer-de-vehicles,CC BY 4.0,2026-03-17T10:30:15Z,Aparcament Caballol Angrill,Aparcament Caballol Angrill,,aparcament-caballol-angrill,1,single_site_operator,parking,parking,parking,none,0,supporting_infrastructure_context,optional_supporting_layer,urban_neighborhood,inner_city,2.802,BARCELONA,10,Sant Martí,25,6,64,el Camp de l'Arpa del Clot,2,0,8026,"C Freser, 25","C Freser, 25, el Camp de l'Arpa del Clot, Sant Martí, BARCELONA",41.411111,2.179848,431454.04,4584720.42,20705_1089,1,0,934356574,934356574,,,,,,True,1996-09-17 22:00:00+00:00,2023-10-03 08:40:57.513415+00:00,895,1,1
75990076427,Alquiler de vehículos en la ciudad de Barcelona,Open Data BCN,https://opendata-ajuntament.barcelona.cat/data/es/dataset/lloguer-de-vehicles,CC BY 4.0,2026-03-17T10:30:15Z,Aparcament Flora Coloma,Aparcament Flora Coloma,,aparcament-flora-coloma,1,single_site_operator,parking,parking,parking,none,0,supporting_infrastructure_context,optional_supporting_layer,urban_neighborhood,inner_city,3.374,BARCELONA,10,Sant Martí,25,6,65,el Clot,3,0,8018,"C Lope de Vega, 255","C Lope de Vega, 255, el Clot, Sant Martí, BARCELONA",41.411286,2.194345,432665.8,4584728.45,20705_1097,1,0,932039166,932039166,,,,,,True,1996-09-17 22:00:00+00:00,2023-10-03 08:44:22.777468+00:00,895,1,1
92086032753,Alquiler de vehículos en la ciudad de Barcelona,Open Data BCN,https://opendata-ajuntament.barcelona.cat/data/es/dataset/lloguer-de-vehicles,CC BY 4.0,2026-03-17T10:30:15Z,Aparcament Garcia Navarro,Aparcament Garcia Navarro,,aparcament-garcia-navarro,1,single_site_operator,parking,parking,parking,none,0,supporting_infrastructure_context,optional_supporting_layer,urban_neighborhood,inner_city,4.123,BARCELONA,10,Sant Martí,25,6,72,Sant Martí de Provençals,1,0,8020,"C Selva de Mar, 204","C Selva de Mar, 204, Sant Martí de Provençals, Sant Martí, BARCELONA",41.416513,2.200034,433146.71,4585304.42,20708_1100,1,0,933147458,933147458,,,,,,True,1990-02-26 23:00:00+00:00,2007-03-24 10:10:19+00:00,6932,1,1
92156134848,Alquiler de vehículos en la ciudad de Barcelona,Open Data BCN,https://opendata-ajuntament.barcelona.cat/data/es/dataset/lloguer-de-vehicles,CC BY 4.0,2026-03-17T10:30:15Z,Aparcament Noyet,Aparcament Noyet,,aparcament-noyet,1,single_site_operator,parking,parking,parking,none,0,supporting_infrastructure_context,optional_supporting_layer,central_tourism_business,central_core,1.774,BARCELONA,10,Sant Martí,25,6,67,la Vila Olímpica del Poblenou,6,1,8005,"C Marina, 61","C Marina, 61, la Vila Olímpica del Poblenou, Sant Martí, BARCELONA",41.391359,2.190554,432328.31,4582519.18,20695_1095,1,0,932213919,932213919,,,,,,True,1992-06-03 22:00:00+00:00,2007-03-24 10:32:28+00:00,6932,1,1
99400187244,Alquiler de vehículos en la ciudad de Barcelona,Open Data BCN,https://opendata-ajuntament.barcelona.cat/data/es/dataset/lloguer-de-vehicles,CC BY 4.0,2026-03-17T10:30:15Z,Barcelona Vibes,Barcelona Vibes,,barcelona-vibes,1,single_site_operator,other,other,tourism_or_guided_experience,none,0,low_relevance_context,exclude_from_core_published_product,urban_neighborhood,inner_city,2.314,Barcelona,10,Sant Martí,25,6,66,el Parc i la Llacuna del Poblenou,5,3,8018,"Carrer de Pallars, 141-143","Carrer de Pallars, 141-143, el Parc i la Llacuna del Poblenou, Sant Martí, Barcelona",41.398149,2.19352,432583.31,4583270.73,20699_1096,1,0,930 157 151,930 157 151,,,,,,True,2007-07-13 10:42:56+00:00,2010-06-08 11:15:31+00:00,5760,1,1
75990341083,Alquiler de vehículos en la ciudad de Barcelona,Open Data BCN,https://opendata-ajuntament.barcelona.cat/data/es/dataset/lloguer-de-vehicles,CC BY 4.0,2026-03-17T10:30:15Z,Esportíssim la Botiga del Triatló,Esportíssim la Botiga del Triatló,,esportissim-la-botiga-del-triatlo,1,single_site_operator,other,other,retail_or_repair,none,0,low_relevance_context,exclude_from_core_published_product,urban_neighborhood,inner_city,2.914,BARCELONA,10,Sant Martí,25,6,71,Provençals del Poblenou,2,0,8018,"C Bolívia, 97","C Bolívia, 97, Provençals del Poblenou, Sant Martí, BARCELONA",41.405701,2.194574,432679.24,4584108.32,20702_1097,1,0,933003314,933003314,,,,,,True,1996-09-17 22:00:00+00:00,2023-10-03 08:40:16.250172+00:00,895,1,1
99400627201,Alquiler de vehículos en la ciudad de Barcelona,Open Data BCN,https://opendata-ajuntament.barcelona.cat/data/es/dataset/lloguer-de-vehicles,CC BY 4.0,2026-03-17T10:30:15Z,Roda Lliure,Roda Lliure,,roda-lliure,1,single_site_operator,other,other,rental_or_hire,none,0,low_relevance_context,exclude_from_core_published_product,urban_neighborhood,inner_city,2.381,BARCELONA,10,Sant Martí,25,6,65,el Clot,3,0,8013,"C Consell de Cent, 595","C Consell de Cent, 595, el Clot, Sant Martí, BARCELONA",41.405445,2.184593,431844.67,4584087.66,20702_1092,1,0,673 475 560,,,673 475 560,,,,True,2019-05-02 10:21:42+00:00,2021-04-13 06:08:21.576744+00:00,1798,1,1
75990210822,Alquiler de vehículos en la ciudad de Barcelona,Open Data BCN,https://opendata-ajuntament.barcelona.cat/data/es/dataset/lloguer-de-vehicles,CC BY 4.0,2026-03-17T10:30:15Z,Andres Pujadas S.C.P.,Andres Pujadas S.C.P.,,andres-pujadas-s-c-p,1,single_site_operator,other,other,rental_or_hire,none,0,low_relevance_context,exclude_from_core_published_product,major_transport_hub_or_corridor,inner_city,3.005,BARCELONA,3,Sants-Montjuïc,22,3,11,el Poble-sec,6,2,8038,"Av Montanyans, 1","Av Montanyans, 1, el Poble-sec, Sants-Montjuïc, BARCELONA",41.367149,2.145662,428548.7,4579867.4,20683_1072,1,0,934211549,934211549,,,,,,True,1996-09-17 22:00:00+00:00,2023-10-03 08:40:47.672959+00:00,895,1,1
75990332582,Alquiler de vehículos en la ciudad de Barcelona,Open Data BCN,https://opendata-ajuntament.barcelona.cat/data/es/dataset/lloguer-de-vehicles,CC BY 4.0,2026-03-17T10:30:15Z,Aparcament Jaume Fabra,Aparcament Jaume Fabra,,aparcament-jaume-fabra,1,single_site_operator,parking,parking,parking,none,0,supporting_infrastructure_context,optional_supporting_layer,major_transport_hub_or_corridor,central_core,1.61,BARCELONA,3,Sants-Montjuïc,22,3,11,el Poble-sec,6,2,8004,"C Jaume Fabra, 2","C Jaume Fabra, 2, el Poble-sec, Sants-Montjuïc, BARCELONA",41.374662,2.159994,429755.47,4580689.81,20687_1079,2,1,933210042,933210042,,,,,,True,1996-09-17 22:00:00+00:00,2023-10-03 08:41:36.869118+00:00,895,1,1
75990272836,Alquiler de vehículos en la ciudad de Barcelona,Open Data BCN,https://opendata-ajuntament.barcelona.cat/data/es/dataset/lloguer-de-vehicles,CC BY 4.0,2026-03-17T10:30:15Z,Aparcament Zamora Lopez,Aparcament Zamora Lopez,,aparcament-zamora-lopez,1,single_site_operator,parking,parking,parking,none,0,supporting_infrastructure_context,optional_supporting_layer,major_transport_hub_or_corridor,inner_city,3.62,BARCELONA,3,Sants-Montjuïc,22,3,16,la Bordeta,1,0,8014,"C Constitució, 122","C Constitució, 122, la Bordeta, Sants-Montjuïc, BARCELONA",41.36939,2.133611,427543.3,4580126.28,20684_1066,1,0,933391934,933391934,,,,,,True,1996-09-17 22:00:00+00:00,2023-10-03 08:40:57.346121+00:00,895,1,1
99400318390,Alquiler de vehículos en la ciudad de Barcelona,Open Data BCN,https://opendata-ajuntament.barcelona.cat/data/es/dataset/lloguer-de-vehicles,CC BY 4.0,2026-03-17T10:30:15Z,OK Barcelona Tours,OK Barcelona Tours,,ok-barcelona-tours,1,single_site_operator,other,other,tourism_or_guided_experience,none,0,low_relevance_context,exclude_from_core_published_product,major_transport_hub_or_corridor,inner_city,2.336,BARCELONA,3,Sants-Montjuïc,22,3,15,Hostafrancs,3,0,8014,"C Béjar, 23","C Béjar, 23, Hostafrancs, Sants-Montjuïc, BARCELONA",41.376199,2.146084,428593.94,4580871.77,20688_1073,1,0,,,,,,,,False,2013-05-17 09:06:31+00:00,2013-05-17 09:06:48+00:00,4686,1,0
